{"type":"FeatureCollection","features":[{"type":"Feature","id":1,"geometry":{"type":"Point","coordinates":[-73.939999999999941,40.660000000000025]},"properties":{"OBJECTID":1,"Municipality":"New York","ST":"NY","F2024_estimate":8478072,"F2020_census":8804190,"F2020_land_area_mi2":300.5,"F2020_density_mi2":29298,"Type":"State's largest municipality","lat":40.659999999999997,"long":-73.939999999999998}},{"type":"Feature","id":2,"geometry":{"type":"Point","coordinates":[-118.40999999999997,34.020000000000039]},"properties":{"OBJECTID":2,"Municipality":"Los Angeles","ST":"CA","F2024_estimate":3878704,"F2020_census":3898747,"F2020_land_area_mi2":469.5,"F2020_density_mi2":8304,"Type":"State's largest municipality","lat":34.020000000000003,"long":-118.41}},{"type":"Feature","id":3,"geometry":{"type":"Point","coordinates":[-87.67999999999995,41.840000000000032]},"properties":{"OBJECTID":3,"Municipality":"Chicago","ST":"IL","F2024_estimate":2721308,"F2020_census":2746388,"F2020_land_area_mi2":227.69999999999999,"F2020_density_mi2":12061,"Type":"State's largest municipality","lat":41.840000000000003,"long":-87.680000000000007}},{"type":"Feature","id":4,"geometry":{"type":"Point","coordinates":[-95.389999999999986,29.790000000000077]},"properties":{"OBJECTID":4,"Municipality":"Houston","ST":"TX","F2024_estimate":2390125,"F2020_census":2304580,"F2020_land_area_mi2":640.39999999999998,"F2020_density_mi2":3599,"Type":"State's largest municipality","lat":29.789999999999999,"long":-95.390000000000001}},{"type":"Feature","id":5,"geometry":{"type":"Point","coordinates":[-112.08999999999997,33.57000000000005]},"properties":{"OBJECTID":5,"Municipality":"Phoenix","ST":"AZ","F2024_estimate":1673164,"F2020_census":1608139,"F2020_land_area_mi2":518,"F2020_density_mi2":3105,"Type":"State capital and largest municipality","lat":33.57,"long":-112.09}},{"type":"Feature","id":6,"geometry":{"type":"Point","coordinates":[-75.129999999999939,40.010000000000048]},"properties":{"OBJECTID":6,"Municipality":"Philadelphia","ST":"PA","F2024_estimate":1573916,"F2020_census":1603797,"F2020_land_area_mi2":134.40000000000001,"F2020_density_mi2":11933,"Type":"State's largest municipality","lat":40.009999999999998,"long":-75.129999999999995}},{"type":"Feature","id":7,"geometry":{"type":"Point","coordinates":[-98.519999999999982,29.460000000000036]},"properties":{"OBJECTID":7,"Municipality":"San Antonio","ST":"TX","F2024_estimate":1526656,"F2020_census":1434625,"F2020_land_area_mi2":498.80000000000001,"F2020_density_mi2":2876,"Type":"State's second largest municipality","lat":29.460000000000001,"long":-98.519999999999996}},{"type":"Feature","id":8,"geometry":{"type":"Point","coordinates":[-117.13999999999999,32.810000000000059]},"properties":{"OBJECTID":8,"Municipality":"San Diego","ST":"CA","F2024_estimate":1404452,"F2020_census":1386932,"F2020_land_area_mi2":325.89999999999998,"F2020_density_mi2":4256,"Type":"State's second largest municipality","lat":32.810000000000002,"long":-117.14}},{"type":"Feature","id":9,"geometry":{"type":"Point","coordinates":[-96.769999999999982,32.790000000000077]},"properties":{"OBJECTID":9,"Municipality":"Dallas","ST":"TX","F2024_estimate":1326087,"F2020_census":1304379,"F2020_land_area_mi2":339.60000000000002,"F2020_density_mi2":3841,"Type":"City","lat":32.789999999999999,"long":-96.769999999999996}},{"type":"Feature","id":10,"geometry":{"type":"Point","coordinates":[-81.659999999999968,30.340000000000032]},"properties":{"OBJECTID":10,"Municipality":"Jacksonville","ST":"FL","F2024_estimate":1009833,"F2020_census":949611,"F2020_land_area_mi2":747.29999999999995,"F2020_density_mi2":1271,"Type":"State's largest municipality","lat":30.34,"long":-81.659999999999997}},{"type":"Feature","id":11,"geometry":{"type":"Point","coordinates":[-97.349999999999966,32.78000000000003]},"properties":{"OBJECTID":11,"Municipality":"Fort Worth","ST":"TX","F2024_estimate":1008106,"F2020_census":918915,"F2020_land_area_mi2":347.30000000000001,"F2020_density_mi2":2646,"Type":"City","lat":32.780000000000001,"long":-97.349999999999994}},{"type":"Feature","id":12,"geometry":{"type":"Point","coordinates":[-121.80999999999995,37.300000000000068]},"properties":{"OBJECTID":12,"Municipality":"San Jose","ST":"CA","F2024_estimate":997368,"F2020_census":1013240,"F2020_land_area_mi2":178.30000000000001,"F2020_density_mi2":5683,"Type":"City","lat":37.299999999999997,"long":-121.81}},{"type":"Feature","id":13,"geometry":{"type":"Point","coordinates":[-97.749999999999943,30.300000000000068]},"properties":{"OBJECTID":13,"Municipality":"Austin","ST":"TX","F2024_estimate":993588,"F2020_census":961855,"F2020_land_area_mi2":319.89999999999998,"F2020_density_mi2":3007,"Type":"State capital","lat":30.300000000000001,"long":-97.75}},{"type":"Feature","id":14,"geometry":{"type":"Point","coordinates":[-80.829999999999984,35.210000000000036]},"properties":{"OBJECTID":14,"Municipality":"Charlotte","ST":"NC","F2024_estimate":943476,"F2020_census":874579,"F2020_land_area_mi2":308.30000000000001,"F2020_density_mi2":2837,"Type":"State's largest municipality","lat":35.210000000000001,"long":-80.829999999999998}},{"type":"Feature","id":15,"geometry":{"type":"Point","coordinates":[-82.989999999999952,39.990000000000066]},"properties":{"OBJECTID":15,"Municipality":"Columbus","ST":"OH","F2024_estimate":933263,"F2020_census":905748,"F2020_land_area_mi2":220,"F2020_density_mi2":4117,"Type":"State capital and largest municipality","lat":39.990000000000002,"long":-82.989999999999995}},{"type":"Feature","id":16,"geometry":{"type":"Point","coordinates":[-86.149999999999977,39.78000000000003]},"properties":{"OBJECTID":16,"Municipality":"Indianapolis","ST":"IN","F2024_estimate":891484,"F2020_census":887642,"F2020_land_area_mi2":361.60000000000002,"F2020_density_mi2":2455,"Type":"State capital and largest municipality","lat":39.780000000000001,"long":-86.150000000000006}},{"type":"Feature","id":17,"geometry":{"type":"Point","coordinates":[-123.02999999999997,37.730000000000075]},"properties":{"OBJECTID":17,"Municipality":"San Francisco","ST":"CA","F2024_estimate":827526,"F2020_census":873965,"F2020_land_area_mi2":46.899999999999999,"F2020_density_mi2":18635,"Type":"City","lat":37.729999999999997,"long":-123.03}},{"type":"Feature","id":18,"geometry":{"type":"Point","coordinates":[-122.34999999999997,47.620000000000061]},"properties":{"OBJECTID":18,"Municipality":"Seattle","ST":"WA","F2024_estimate":780995,"F2020_census":737015,"F2020_land_area_mi2":83.799999999999997,"F2020_density_mi2":8795,"Type":"State's largest municipality","lat":47.619999999999997,"long":-122.34999999999999}},{"type":"Feature","id":19,"geometry":{"type":"Point","coordinates":[-104.87999999999994,39.760000000000048]},"properties":{"OBJECTID":19,"Municipality":"Denver","ST":"CO","F2024_estimate":729019,"F2020_census":715522,"F2020_land_area_mi2":153.09999999999999,"F2020_density_mi2":4674,"Type":"State capital and largest municipality","lat":39.759999999999998,"long":-104.88}},{"type":"Feature","id":20,"geometry":{"type":"Point","coordinates":[-97.509999999999991,35.470000000000027]},"properties":{"OBJECTID":20,"Municipality":"Oklahoma City","ST":"OK","F2024_estimate":712919,"F2020_census":681054,"F2020_land_area_mi2":606.20000000000005,"F2020_density_mi2":1123,"Type":"State capital and largest municipality","lat":35.469999999999999,"long":-97.510000000000005}},{"type":"Feature","id":21,"geometry":{"type":"Point","coordinates":[-86.789999999999964,36.170000000000073]},"properties":{"OBJECTID":21,"Municipality":"Nashville","ST":"TN","F2024_estimate":704963,"F2020_census":689447,"F2020_land_area_mi2":475.80000000000001,"F2020_density_mi2":1449,"Type":"State capital and largest municipality","lat":36.170000000000002,"long":-86.790000000000006}},{"type":"Feature","id":22,"geometry":{"type":"Point","coordinates":[-77.019999999999982,38.900000000000034]},"properties":{"OBJECTID":22,"Municipality":"Washington","ST":"DC","F2024_estimate":702250,"F2020_census":689545,"F2020_land_area_mi2":61.100000000000001,"F2020_density_mi2":11286,"Type":"Federal capital","lat":38.899999999999999,"long":-77.019999999999996}},{"type":"Feature","id":23,"geometry":{"type":"Point","coordinates":[-106.42999999999995,31.85000000000008]},"properties":{"OBJECTID":23,"Municipality":"El Paso","ST":"TX","F2024_estimate":681723,"F2020_census":678815,"F2020_land_area_mi2":258.39999999999998,"F2020_density_mi2":2627,"Type":"City","lat":31.850000000000001,"long":-106.43000000000001}},{"type":"Feature","id":24,"geometry":{"type":"Point","coordinates":[-115.25999999999999,36.230000000000075]},"properties":{"OBJECTID":24,"Municipality":"Las Vegas","ST":"NV","F2024_estimate":678922,"F2020_census":641903,"F2020_land_area_mi2":141.80000000000001,"F2020_density_mi2":4527,"Type":"State's largest municipality","lat":36.229999999999997,"long":-115.26000000000001}},{"type":"Feature","id":25,"geometry":{"type":"Point","coordinates":[-71.019999999999982,42.340000000000032]},"properties":{"OBJECTID":25,"Municipality":"Boston","ST":"MA","F2024_estimate":673458,"F2020_census":675647,"F2020_land_area_mi2":48.299999999999997,"F2020_density_mi2":13989,"Type":"State capital and largest municipality","lat":42.340000000000003,"long":-71.019999999999996}},{"type":"Feature","id":26,"geometry":{"type":"Point","coordinates":[-83.099999999999966,42.380000000000052]},"properties":{"OBJECTID":26,"Municipality":"Detroit","ST":"MI","F2024_estimate":645705,"F2020_census":639111,"F2020_land_area_mi2":138.69999999999999,"F2020_density_mi2":4608,"Type":"State's largest municipality","lat":42.380000000000003,"long":-83.099999999999994}},{"type":"Feature","id":27,"geometry":{"type":"Point","coordinates":[-85.649999999999977,38.170000000000073]},"properties":{"OBJECTID":27,"Municipality":"Louisville","ST":"KY","F2024_estimate":640796,"F2020_census":633045,"F2020_land_area_mi2":324.89999999999998,"F2020_density_mi2":1948,"Type":"State's largest municipality","lat":38.170000000000002,"long":-85.650000000000006}},{"type":"Feature","id":28,"geometry":{"type":"Point","coordinates":[-122.64999999999998,45.540000000000077]},"properties":{"OBJECTID":28,"Municipality":"Portland","ST":"OR","F2024_estimate":635749,"F2020_census":652503,"F2020_land_area_mi2":133.5,"F2020_density_mi2":4888,"Type":"State's largest municipality","lat":45.539999999999999,"long":-122.65000000000001}},{"type":"Feature","id":29,"geometry":{"type":"Point","coordinates":[-89.96999999999997,35.11000000000007]},"properties":{"OBJECTID":29,"Municipality":"Memphis","ST":"TN","F2024_estimate":610919,"F2020_census":633104,"F2020_land_area_mi2":297,"F2020_density_mi2":2132,"Type":"City","lat":35.109999999999999,"long":-89.969999999999999}},{"type":"Feature","id":30,"geometry":{"type":"Point","coordinates":[-76.609999999999957,39.300000000000068]},"properties":{"OBJECTID":30,"Municipality":"Baltimore","ST":"MD","F2024_estimate":568271,"F2020_census":585708,"F2020_land_area_mi2":80.900000000000006,"F2020_density_mi2":7240,"Type":"State's largest municipality","lat":39.299999999999997,"long":-76.609999999999999}},{"type":"Feature","id":31,"geometry":{"type":"Point","coordinates":[-87.96999999999997,43.060000000000059]},"properties":{"OBJECTID":31,"Municipality":"Milwaukee","ST":"WI","F2024_estimate":563531,"F2020_census":577222,"F2020_land_area_mi2":96.200000000000003,"F2020_density_mi2":6000,"Type":"State's largest municipality","lat":43.060000000000002,"long":-87.969999999999999}},{"type":"Feature","id":32,"geometry":{"type":"Point","coordinates":[-106.64999999999998,35.10000000000008]},"properties":{"OBJECTID":32,"Municipality":"Albuquerque","ST":"NM","F2024_estimate":560326,"F2020_census":564559,"F2020_land_area_mi2":187.30000000000001,"F2020_density_mi2":3014,"Type":"State's largest municipality","lat":35.100000000000001,"long":-106.65000000000001}},{"type":"Feature","id":33,"geometry":{"type":"Point","coordinates":[-110.86999999999995,32.150000000000034]},"properties":{"OBJECTID":33,"Municipality":"Tucson","ST":"AZ","F2024_estimate":554013,"F2020_census":542629,"F2020_land_area_mi2":241,"F2020_density_mi2":2252,"Type":"State's second largest municipality","lat":32.149999999999999,"long":-110.87}},{"type":"Feature","id":34,"geometry":{"type":"Point","coordinates":[-119.78999999999996,36.78000000000003]},"properties":{"OBJECTID":34,"Municipality":"Fresno","ST":"CA","F2024_estimate":550105,"F2020_census":542107,"F2020_land_area_mi2":115.2,"F2020_density_mi2":4706,"Type":"City","lat":36.780000000000001,"long":-119.79000000000001}},{"type":"Feature","id":35,"geometry":{"type":"Point","coordinates":[-121.46999999999997,38.57000000000005]},"properties":{"OBJECTID":35,"Municipality":"Sacramento","ST":"CA","F2024_estimate":535798,"F2020_census":524943,"F2020_land_area_mi2":98.599999999999994,"F2020_density_mi2":5324,"Type":"State capital","lat":38.57,"long":-121.47}},{"type":"Feature","id":36,"geometry":{"type":"Point","coordinates":[-84.419999999999959,33.760000000000048]},"properties":{"OBJECTID":36,"Municipality":"Atlanta","ST":"GA","F2024_estimate":520070,"F2020_census":498715,"F2020_land_area_mi2":135.30000000000001,"F2020_density_mi2":3686,"Type":"State capital and largest municipality","lat":33.759999999999998,"long":-84.420000000000002}},{"type":"Feature","id":37,"geometry":{"type":"Point","coordinates":[-111.71999999999997,33.400000000000034]},"properties":{"OBJECTID":37,"Municipality":"Mesa","ST":"AZ","F2024_estimate":517151,"F2020_census":504258,"F2020_land_area_mi2":138.69999999999999,"F2020_density_mi2":3636,"Type":"City","lat":33.399999999999999,"long":-111.72}},{"type":"Feature","id":38,"geometry":{"type":"Point","coordinates":[-94.559999999999945,39.120000000000061]},"properties":{"OBJECTID":38,"Municipality":"Kansas City","ST":"MO","F2024_estimate":516032,"F2020_census":508090,"F2020_land_area_mi2":314.69999999999999,"F2020_density_mi2":1615,"Type":"State's largest municipality","lat":39.119999999999997,"long":-94.560000000000002}},{"type":"Feature","id":39,"geometry":{"type":"Point","coordinates":[-78.639999999999986,35.830000000000041]},"properties":{"OBJECTID":39,"Municipality":"Raleigh","ST":"NC","F2024_estimate":499825,"F2020_census":467665,"F2020_land_area_mi2":147.09999999999999,"F2020_density_mi2":3179,"Type":"State capital","lat":35.829999999999998,"long":-78.640000000000001}},{"type":"Feature","id":40,"geometry":{"type":"Point","coordinates":[-104.75999999999999,38.870000000000061]},"properties":{"OBJECTID":40,"Municipality":"Colorado Springs","ST":"CO","F2024_estimate":493554,"F2020_census":478961,"F2020_land_area_mi2":195.40000000000001,"F2020_density_mi2":2451,"Type":"City","lat":38.869999999999997,"long":-104.76000000000001}},{"type":"Feature","id":41,"geometry":{"type":"Point","coordinates":[-96.049999999999955,41.260000000000048]},"properties":{"OBJECTID":41,"Municipality":"Omaha","ST":"NE","F2024_estimate":489265,"F2020_census":486051,"F2020_land_area_mi2":141.59999999999999,"F2020_density_mi2":3433,"Type":"State's largest municipality","lat":41.259999999999998,"long":-96.049999999999997}},{"type":"Feature","id":42,"geometry":{"type":"Point","coordinates":[-80.20999999999998,25.78000000000003]},"properties":{"OBJECTID":42,"Municipality":"Miami","ST":"FL","F2024_estimate":487014,"F2020_census":442241,"F2020_land_area_mi2":36,"F2020_density_mi2":12284,"Type":"City","lat":25.780000000000001,"long":-80.209999999999994}},{"type":"Feature","id":43,"geometry":{"type":"Point","coordinates":[-76.029999999999973,36.78000000000003]},"properties":{"OBJECTID":43,"Municipality":"Virginia Beach","ST":"VA","F2024_estimate":454808,"F2020_census":459470,"F2020_land_area_mi2":244.69999999999999,"F2020_density_mi2":1878,"Type":"State's largest municipality","lat":36.780000000000001,"long":-76.030000000000001}},{"type":"Feature","id":44,"geometry":{"type":"Point","coordinates":[-118.16999999999996,33.78000000000003]},"properties":{"OBJECTID":44,"Municipality":"Long Beach","ST":"CA","F2024_estimate":450901,"F2020_census":466742,"F2020_land_area_mi2":50.700000000000003,"F2020_density_mi2":9206,"Type":"City","lat":33.780000000000001,"long":-118.17}},{"type":"Feature","id":45,"geometry":{"type":"Point","coordinates":[-122.22999999999996,37.770000000000039]},"properties":{"OBJECTID":45,"Municipality":"Oakland","ST":"CA","F2024_estimate":443554,"F2020_census":440646,"F2020_land_area_mi2":55.899999999999999,"F2020_density_mi2":7883,"Type":"City","lat":37.770000000000003,"long":-122.23}},{"type":"Feature","id":46,"geometry":{"type":"Point","coordinates":[-93.269999999999982,44.960000000000036]},"properties":{"OBJECTID":46,"Municipality":"Minneapolis","ST":"MN","F2024_estimate":428579,"F2020_census":429954,"F2020_land_area_mi2":54,"F2020_density_mi2":7962,"Type":"State's largest municipality","lat":44.960000000000001,"long":-93.269999999999996}},{"type":"Feature","id":47,"geometry":{"type":"Point","coordinates":[-119.03999999999996,35.35000000000008]},"properties":{"OBJECTID":47,"Municipality":"Bakersfield","ST":"CA","F2024_estimate":417468,"F2020_census":403455,"F2020_land_area_mi2":149.80000000000001,"F2020_density_mi2":2693,"Type":"City","lat":35.350000000000001,"long":-119.04000000000001}},{"type":"Feature","id":48,"geometry":{"type":"Point","coordinates":[-95.899999999999977,36.130000000000052]},"properties":{"OBJECTID":48,"Municipality":"Tulsa","ST":"OK","F2024_estimate":415154,"F2020_census":413066,"F2020_land_area_mi2":197.5,"F2020_density_mi2":2091,"Type":"City","lat":36.130000000000003,"long":-95.900000000000006}},{"type":"Feature","id":49,"geometry":{"type":"Point","coordinates":[-82.46999999999997,27.970000000000027]},"properties":{"OBJECTID":49,"Municipality":"Tampa","ST":"FL","F2024_estimate":414547,"F2020_census":384959,"F2020_land_area_mi2":114,"F2020_density_mi2":3377,"Type":"City","lat":27.969999999999999,"long":-82.469999999999999}},{"type":"Feature","id":50,"geometry":{"type":"Point","coordinates":[-97.119999999999948,32.700000000000045]},"properties":{"OBJECTID":50,"Municipality":"Arlington","ST":"TX","F2024_estimate":403672,"F2020_census":394266,"F2020_land_area_mi2":95.900000000000006,"F2020_density_mi2":4111,"Type":"City","lat":32.700000000000003,"long":-97.120000000000005}},{"type":"Feature","id":51,"geometry":{"type":"Point","coordinates":[-104.71999999999997,39.700000000000045]},"properties":{"OBJECTID":51,"Municipality":"Aurora","ST":"CO","F2024_estimate":403130,"F2020_census":386261,"F2020_land_area_mi2":160.09999999999999,"F2020_density_mi2":2413,"Type":"City","lat":39.700000000000003,"long":-104.72}},{"type":"Feature","id":52,"geometry":{"type":"Point","coordinates":[-97.349999999999966,37.690000000000055]},"properties":{"OBJECTID":52,"Municipality":"Wichita","ST":"KS","F2024_estimate":400991,"F2020_census":397532,"F2020_land_area_mi2":162,"F2020_density_mi2":2454,"Type":"State's largest municipality","lat":37.689999999999998,"long":-97.349999999999994}},{"type":"Feature","id":53,"geometry":{"type":"Point","coordinates":[-81.67999999999995,41.480000000000075]},"properties":{"OBJECTID":53,"Municipality":"Cleveland","ST":"OH","F2024_estimate":365379,"F2020_census":372624,"F2020_land_area_mi2":77.700000000000003,"F2020_density_mi2":4796,"Type":"City","lat":41.479999999999997,"long":-81.680000000000007}},{"type":"Feature","id":54,"geometry":{"type":"Point","coordinates":[-89.92999999999995,30.050000000000068]},"properties":{"OBJECTID":54,"Municipality":"New Orleans","ST":"LA","F2024_estimate":362701,"F2020_census":383997,"F2020_land_area_mi2":169.5,"F2020_density_mi2":2265,"Type":"State's largest municipality","lat":30.050000000000001,"long":-89.930000000000007}},{"type":"Feature","id":55,"geometry":{"type":"Point","coordinates":[-115.03999999999996,36.010000000000048]},"properties":{"OBJECTID":55,"Municipality":"Henderson","ST":"NV","F2024_estimate":350039,"F2020_census":317610,"F2020_land_area_mi2":106.2,"F2020_density_mi2":2991,"Type":"City","lat":36.009999999999998,"long":-115.04000000000001}},{"type":"Feature","id":56,"geometry":{"type":"Point","coordinates":[-157.84999999999997,21.32000000000005]},"properties":{"OBJECTID":56,"Municipality":"Honolulu","ST":"HI","F2024_estimate":344967,"F2020_census":350964,"F2020_land_area_mi2":60.5,"F2020_density_mi2":5801,"Type":"State capital and largest municipality","lat":21.32,"long":-157.84999999999999}},{"type":"Feature","id":57,"geometry":{"type":"Point","coordinates":[-117.75999999999999,33.86000000000007]},"properties":{"OBJECTID":57,"Municipality":"Anaheim","ST":"CA","F2024_estimate":344561,"F2020_census":346824,"F2020_land_area_mi2":50.299999999999997,"F2020_density_mi2":6895,"Type":"City","lat":33.859999999999999,"long":-117.76000000000001}},{"type":"Feature","id":58,"geometry":{"type":"Point","coordinates":[-81.249999999999943,28.410000000000025]},"properties":{"OBJECTID":58,"Municipality":"Orlando","ST":"FL","F2024_estimate":334854,"F2020_census":307573,"F2020_land_area_mi2":110.59999999999999,"F2020_density_mi2":2781,"Type":"City","lat":28.41,"long":-81.25}},{"type":"Feature","id":59,"geometry":{"type":"Point","coordinates":[-84.45999999999998,38.040000000000077]},"properties":{"OBJECTID":59,"Municipality":"Lexington","ST":"KY","F2024_estimate":329437,"F2020_census":322570,"F2020_land_area_mi2":283.60000000000002,"F2020_density_mi2":1137,"Type":"City","lat":38.039999999999999,"long":-84.459999999999994}},{"type":"Feature","id":60,"geometry":{"type":"Point","coordinates":[-121.30999999999995,37.980000000000075]},"properties":{"OBJECTID":60,"Municipality":"Stockton","ST":"CA","F2024_estimate":324975,"F2020_census":320804,"F2020_land_area_mi2":62.200000000000003,"F2020_density_mi2":5158,"Type":"City","lat":37.979999999999997,"long":-121.31}},{"type":"Feature","id":61,"geometry":{"type":"Point","coordinates":[-117.38999999999999,33.940000000000055]},"properties":{"OBJECTID":61,"Municipality":"Riverside","ST":"CA","F2024_estimate":323757,"F2020_census":314998,"F2020_land_area_mi2":81.200000000000003,"F2020_density_mi2":3879,"Type":"City","lat":33.939999999999998,"long":-117.39}},{"type":"Feature","id":62,"geometry":{"type":"Point","coordinates":[-117.76999999999998,33.680000000000064]},"properties":{"OBJECTID":62,"Municipality":"Irvine","ST":"CA","F2024_estimate":318683,"F2020_census":307670,"F2020_land_area_mi2":65.599999999999994,"F2020_density_mi2":4690,"Type":"City","lat":33.68,"long":-117.77}},{"type":"Feature","id":63,"geometry":{"type":"Point","coordinates":[-97.169999999999959,27.750000000000057]},"properties":{"OBJECTID":63,"Municipality":"Corpus Christi","ST":"TX","F2024_estimate":317317,"F2020_census":317863,"F2020_land_area_mi2":162.19999999999999,"F2020_density_mi2":1960,"Type":"City","lat":27.75,"long":-97.170000000000002}},{"type":"Feature","id":64,"geometry":{"type":"Point","coordinates":[-74.169999999999959,40.720000000000027]},"properties":{"OBJECTID":64,"Municipality":"Newark","ST":"NJ","F2024_estimate":317303,"F2020_census":311549,"F2020_land_area_mi2":24.100000000000001,"F2020_density_mi2":12927,"Type":"State's largest municipality","lat":40.719999999999999,"long":-74.170000000000002}},{"type":"Feature","id":65,"geometry":{"type":"Point","coordinates":[-117.87999999999994,33.740000000000066]},"properties":{"OBJECTID":65,"Municipality":"Santa Ana","ST":"CA","F2024_estimate":316184,"F2020_census":310227,"F2020_land_area_mi2":27.300000000000001,"F2020_density_mi2":11364,"Type":"City","lat":33.740000000000002,"long":-117.88}},{"type":"Feature","id":66,"geometry":{"type":"Point","coordinates":[-84.509999999999934,39.140000000000043]},"properties":{"OBJECTID":66,"Municipality":"Cincinnati","ST":"OH","F2024_estimate":314915,"F2020_census":309317,"F2020_land_area_mi2":77.799999999999997,"F2020_density_mi2":3976,"Type":"City","lat":39.140000000000001,"long":-84.510000000000005}},{"type":"Feature","id":67,"geometry":{"type":"Point","coordinates":[-79.979999999999961,40.440000000000055]},"properties":{"OBJECTID":67,"Municipality":"Pittsburgh","ST":"PA","F2024_estimate":307668,"F2020_census":302971,"F2020_land_area_mi2":55.399999999999999,"F2020_density_mi2":5469,"Type":"City","lat":40.439999999999998,"long":-79.980000000000004}},{"type":"Feature","id":68,"geometry":{"type":"Point","coordinates":[-93.099999999999966,44.950000000000045]},"properties":{"OBJECTID":68,"Municipality":"Saint Paul","ST":"MN","F2024_estimate":307465,"F2020_census":311527,"F2020_land_area_mi2":52,"F2020_density_mi2":5991,"Type":"State capital","lat":44.950000000000003,"long":-93.099999999999994}},{"type":"Feature","id":69,"geometry":{"type":"Point","coordinates":[-79.829999999999984,36.10000000000008]},"properties":{"OBJECTID":69,"Municipality":"Greensboro","ST":"NC","F2024_estimate":307381,"F2020_census":299035,"F2020_land_area_mi2":129.59999999999999,"F2020_density_mi2":2307,"Type":"City","lat":36.100000000000001,"long":-79.829999999999998}},{"type":"Feature","id":70,"geometry":{"type":"Point","coordinates":[-74.059999999999945,40.710000000000036]},"properties":{"OBJECTID":70,"Municipality":"Jersey City","ST":"NJ","F2024_estimate":302824,"F2020_census":292449,"F2020_land_area_mi2":14.699999999999999,"F2020_density_mi2":19894,"Type":"City","lat":40.710000000000001,"long":-74.060000000000002}},{"type":"Feature","id":71,"geometry":{"type":"Point","coordinates":[-78.899999999999977,35.980000000000075]},"properties":{"OBJECTID":71,"Municipality":"Durham","ST":"NC","F2024_estimate":301870,"F2020_census":283506,"F2020_land_area_mi2":112.8,"F2020_density_mi2":2513,"Type":"City","lat":35.979999999999997,"long":-78.900000000000006}},{"type":"Feature","id":72,"geometry":{"type":"Point","coordinates":[-96.67999999999995,40.810000000000059]},"properties":{"OBJECTID":72,"Municipality":"Lincoln","ST":"NE","F2024_estimate":300619,"F2020_census":291082,"F2020_land_area_mi2":97.700000000000003,"F2020_density_mi2":2979,"Type":"State capital","lat":40.810000000000002,"long":-96.680000000000007}},{"type":"Feature","id":73,"geometry":{"type":"Point","coordinates":[-115.08999999999997,36.28000000000003]},"properties":{"OBJECTID":73,"Municipality":"North Las Vegas","ST":"NV","F2024_estimate":294034,"F2020_census":262527,"F2020_land_area_mi2":101.3,"F2020_density_mi2":2592,"Type":"City","lat":36.280000000000001,"long":-115.09}},{"type":"Feature","id":74,"geometry":{"type":"Point","coordinates":[-96.749999999999943,33.050000000000068]},"properties":{"OBJECTID":74,"Municipality":"Plano","ST":"TX","F2024_estimate":293286,"F2020_census":285494,"F2020_land_area_mi2":71.700000000000003,"F2020_density_mi2":3982,"Type":"City","lat":33.049999999999997,"long":-96.75}},{"type":"Feature","id":75,"geometry":{"type":"Point","coordinates":[-149.27999999999997,61.170000000000073]},"properties":{"OBJECTID":75,"Municipality":"Anchorage","ST":"AK","F2024_estimate":289600,"F2020_census":291247,"F2020_land_area_mi2":1706.8,"F2020_density_mi2":171,"Type":"State's largest municipality","lat":61.170000000000002,"long":-149.28}},{"type":"Feature","id":76,"geometry":{"type":"Point","coordinates":[-111.73999999999995,33.310000000000059]},"properties":{"OBJECTID":76,"Municipality":"Gilbert","ST":"AZ","F2024_estimate":288790,"F2020_census":267918,"F2020_land_area_mi2":68.599999999999994,"F2020_density_mi2":3906,"Type":"City","lat":33.310000000000002,"long":-111.73999999999999}},{"type":"Feature","id":77,"geometry":{"type":"Point","coordinates":[-89.42999999999995,43.090000000000032]},"properties":{"OBJECTID":77,"Municipality":"Madison","ST":"WI","F2024_estimate":285300,"F2020_census":269840,"F2020_land_area_mi2":79.599999999999994,"F2020_density_mi2":3390,"Type":"State capital","lat":43.090000000000003,"long":-89.430000000000007}},{"type":"Feature","id":78,"geometry":{"type":"Point","coordinates":[-119.84999999999997,39.550000000000068]},"properties":{"OBJECTID":78,"Municipality":"Reno","ST":"NV","F2024_estimate":281714,"F2020_census":264165,"F2020_land_area_mi2":108.8,"F2020_density_mi2":2428,"Type":"City","lat":39.549999999999997,"long":-119.84999999999999}},{"type":"Feature","id":79,"geometry":{"type":"Point","coordinates":[-111.84999999999997,33.28000000000003]},"properties":{"OBJECTID":79,"Municipality":"Chandler","ST":"AZ","F2024_estimate":281231,"F2020_census":275987,"F2020_land_area_mi2":65.299999999999997,"F2020_density_mi2":4226,"Type":"City","lat":33.280000000000001,"long":-111.84999999999999}},{"type":"Feature","id":80,"geometry":{"type":"Point","coordinates":[-90.239999999999952,38.640000000000043]},"properties":{"OBJECTID":80,"Municipality":"St. Louis","ST":"MO","F2024_estimate":279695,"F2020_census":301578,"F2020_land_area_mi2":61.700000000000003,"F2020_density_mi2":4888,"Type":"City","lat":38.640000000000001,"long":-90.239999999999995}},{"type":"Feature","id":81,"geometry":{"type":"Point","coordinates":[-117.01999999999998,32.630000000000052]},"properties":{"OBJECTID":81,"Municipality":"Chula Vista","ST":"CA","F2024_estimate":278546,"F2020_census":275487,"F2020_land_area_mi2":49.600000000000001,"F2020_density_mi2":5554,"Type":"City","lat":32.630000000000003,"long":-117.02}},{"type":"Feature","id":82,"geometry":{"type":"Point","coordinates":[-78.859999999999957,42.890000000000043]},"properties":{"OBJECTID":82,"Municipality":"Buffalo","ST":"NY","F2024_estimate":276617,"F2020_census":278349,"F2020_land_area_mi2":40.399999999999999,"F2020_density_mi2":6890,"Type":"City","lat":42.890000000000001,"long":-78.859999999999999}},{"type":"Feature","id":83,"geometry":{"type":"Point","coordinates":[-85.139999999999986,41.090000000000032]},"properties":{"OBJECTID":83,"Municipality":"Fort Wayne","ST":"IN","F2024_estimate":273203,"F2020_census":263886,"F2020_land_area_mi2":110.7,"F2020_density_mi2":2384,"Type":"State's second largest municipality","lat":41.090000000000003,"long":-85.140000000000001}},{"type":"Feature","id":84,"geometry":{"type":"Point","coordinates":[-101.88999999999999,33.57000000000005]},"properties":{"OBJECTID":84,"Municipality":"Lubbock","ST":"TX","F2024_estimate":272086,"F2020_census":257141,"F2020_land_area_mi2":134.59999999999999,"F2020_density_mi2":1910,"Type":"City","lat":33.57,"long":-101.89}},{"type":"Feature","id":85,"geometry":{"type":"Point","coordinates":[-82.639999999999986,27.770000000000039]},"properties":{"OBJECTID":85,"Municipality":"St. Petersburg","ST":"FL","F2024_estimate":267102,"F2020_census":258308,"F2020_land_area_mi2":61.799999999999997,"F2020_density_mi2":4180,"Type":"City","lat":27.77,"long":-82.640000000000001}},{"type":"Feature","id":86,"geometry":{"type":"Point","coordinates":[-83.579999999999984,41.660000000000025]},"properties":{"OBJECTID":86,"Municipality":"Toledo","ST":"OH","F2024_estimate":265638,"F2020_census":270871,"F2020_land_area_mi2":80.5,"F2020_density_mi2":3365,"Type":"City","lat":41.659999999999997,"long":-83.579999999999998}},{"type":"Feature","id":87,"geometry":{"type":"Point","coordinates":[-99.489999999999952,27.560000000000059]},"properties":{"OBJECTID":87,"Municipality":"Laredo","ST":"TX","F2024_estimate":261260,"F2020_census":255205,"F2020_land_area_mi2":106.5,"F2020_density_mi2":2396,"Type":"City","lat":27.559999999999999,"long":-99.489999999999995}},{"type":"Feature","id":88,"geometry":{"type":"Point","coordinates":[-80.389999999999986,27.28000000000003]},"properties":{"OBJECTID":88,"Municipality":"Port St. Lucie","ST":"FL","F2024_estimate":258575,"F2020_census":204851,"F2020_land_area_mi2":119.2,"F2020_density_mi2":1719,"Type":"City","lat":27.280000000000001,"long":-80.390000000000001}},{"type":"Feature","id":89,"geometry":{"type":"Point","coordinates":[-112.18999999999994,33.53000000000003]},"properties":{"OBJECTID":89,"Municipality":"Glendale","ST":"AZ","F2024_estimate":258143,"F2020_census":248325,"F2020_land_area_mi2":61.600000000000001,"F2020_density_mi2":4031,"Type":"City","lat":33.530000000000001,"long":-112.19}},{"type":"Feature","id":90,"geometry":{"type":"Point","coordinates":[-96.96999999999997,32.86000000000007]},"properties":{"OBJECTID":90,"Municipality":"Irving","ST":"TX","F2024_estimate":258060,"F2020_census":256684,"F2020_land_area_mi2":67,"F2020_density_mi2":3831,"Type":"City","lat":32.859999999999999,"long":-96.969999999999999}},{"type":"Feature","id":91,"geometry":{"type":"Point","coordinates":[-80.259999999999934,36.10000000000008]},"properties":{"OBJECTID":91,"Municipality":"Winston-Salem","ST":"NC","F2024_estimate":255769,"F2020_census":249545,"F2020_land_area_mi2":132.69999999999999,"F2020_density_mi2":1881,"Type":"City","lat":36.100000000000001,"long":-80.260000000000005}},{"type":"Feature","id":92,"geometry":{"type":"Point","coordinates":[-76.299999999999955,36.680000000000064]},"properties":{"OBJECTID":92,"Municipality":"Chesapeake","ST":"VA","F2024_estimate":254997,"F2020_census":249422,"F2020_land_area_mi2":338.5,"F2020_density_mi2":737,"Type":"City","lat":36.68,"long":-76.299999999999997}},{"type":"Feature","id":93,"geometry":{"type":"Point","coordinates":[-96.629999999999939,32.910000000000025]},"properties":{"OBJECTID":93,"Municipality":"Garland","ST":"TX","F2024_estimate":250431,"F2020_census":246018,"F2020_land_area_mi2":57.100000000000001,"F2020_density_mi2":4309,"Type":"City","lat":32.909999999999997,"long":-96.629999999999995}},{"type":"Feature","id":94,"geometry":{"type":"Point","coordinates":[-111.85999999999996,33.680000000000064]},"properties":{"OBJECTID":94,"Municipality":"Scottsdale","ST":"AZ","F2024_estimate":246170,"F2020_census":241361,"F2020_land_area_mi2":184,"F2020_density_mi2":1312,"Type":"City","lat":33.68,"long":-111.86}},{"type":"Feature","id":95,"geometry":{"type":"Point","coordinates":[-116.22999999999996,43.60000000000008]},"properties":{"OBJECTID":95,"Municipality":"Boise","ST":"ID","F2024_estimate":237963,"F2020_census":235684,"F2020_land_area_mi2":84,"F2020_density_mi2":2806,"Type":"State capital and largest municipality","lat":43.600000000000001,"long":-116.23}},{"type":"Feature","id":96,"geometry":{"type":"Point","coordinates":[-80.299999999999955,25.870000000000061]},"properties":{"OBJECTID":96,"Municipality":"Hialeah","ST":"FL","F2024_estimate":235388,"F2020_census":223109,"F2020_land_area_mi2":21.600000000000001,"F2020_density_mi2":10329,"Type":"City","lat":25.870000000000001,"long":-80.299999999999997}},{"type":"Feature","id":97,"geometry":{"type":"Point","coordinates":[-96.819999999999936,33.160000000000025]},"properties":{"OBJECTID":97,"Municipality":"Frisco","ST":"TX","F2024_estimate":235208,"F2020_census":200509,"F2020_land_area_mi2":68.599999999999994,"F2020_density_mi2":2923,"Type":"City","lat":33.159999999999997,"long":-96.819999999999993}},{"type":"Feature","id":98,"geometry":{"type":"Point","coordinates":[-77.479999999999961,37.53000000000003]},"properties":{"OBJECTID":98,"Municipality":"Richmond","ST":"VA","F2024_estimate":233655,"F2020_census":226610,"F2020_land_area_mi2":59.899999999999999,"F2020_density_mi2":3783,"Type":"State capital","lat":37.530000000000001,"long":-77.480000000000004}},{"type":"Feature","id":99,"geometry":{"type":"Point","coordinates":[-81.989999999999952,26.650000000000034]},"properties":{"OBJECTID":99,"Municipality":"Cape Coral","ST":"FL","F2024_estimate":233025,"F2020_census":194016,"F2020_land_area_mi2":106,"F2020_density_mi2":1830,"Type":"City","lat":26.649999999999999,"long":-81.989999999999995}},{"type":"Feature","id":100,"geometry":{"type":"Point","coordinates":[-76.239999999999952,36.920000000000073]},"properties":{"OBJECTID":100,"Municipality":"Norfolk","ST":"VA","F2024_estimate":231105,"F2020_census":238005,"F2020_land_area_mi2":53.299999999999997,"F2020_density_mi2":4465,"Type":"City","lat":36.920000000000002,"long":-76.239999999999995}},{"type":"Feature","id":101,"geometry":{"type":"Point","coordinates":[-117.42999999999995,47.670000000000073]},"properties":{"OBJECTID":101,"Municipality":"Spokane","ST":"WA","F2024_estimate":230609,"F2020_census":228989,"F2020_land_area_mi2":68.799999999999997,"F2020_density_mi2":3328,"Type":"City","lat":47.670000000000002,"long":-117.43000000000001}},{"type":"Feature","id":102,"geometry":{"type":"Point","coordinates":[-86.529999999999973,34.78000000000003]},"properties":{"OBJECTID":102,"Municipality":"Huntsville","ST":"AL","F2024_estimate":230402,"F2020_census":215006,"F2020_land_area_mi2":218.09999999999999,"F2020_density_mi2":986,"Type":"State's largest municipality","lat":34.780000000000001,"long":-86.530000000000001}},{"type":"Feature","id":103,"geometry":{"type":"Point","coordinates":[-118.48999999999995,34.410000000000025]},"properties":{"OBJECTID":103,"Municipality":"Santa Clarita","ST":"CA","F2024_estimate":229159,"F2020_census":228673,"F2020_land_area_mi2":70.799999999999997,"F2020_density_mi2":3230,"Type":"City","lat":34.409999999999997,"long":-118.48999999999999}},{"type":"Feature","id":104,"geometry":{"type":"Point","coordinates":[-122.45999999999998,47.250000000000057]},"properties":{"OBJECTID":104,"Municipality":"Tacoma","ST":"WA","F2024_estimate":228202,"F2020_census":219346,"F2020_land_area_mi2":49.700000000000003,"F2020_density_mi2":4413,"Type":"City","lat":47.25,"long":-122.45999999999999}},{"type":"Feature","id":105,"geometry":{"type":"Point","coordinates":[-121.93999999999994,37.490000000000066]},"properties":{"OBJECTID":105,"Municipality":"Fremont","ST":"CA","F2024_estimate":228192,"F2020_census":230504,"F2020_land_area_mi2":78.299999999999997,"F2020_density_mi2":2944,"Type":"City","lat":37.490000000000002,"long":-121.94}},{"type":"Feature","id":106,"geometry":{"type":"Point","coordinates":[-96.659999999999968,33.200000000000045]},"properties":{"OBJECTID":106,"Municipality":"McKinney","ST":"TX","F2024_estimate":227526,"F2020_census":195308,"F2020_land_area_mi2":67,"F2020_density_mi2":2915,"Type":"City","lat":33.200000000000003,"long":-96.659999999999997}},{"type":"Feature","id":107,"geometry":{"type":"Point","coordinates":[-117.28999999999996,34.140000000000043]},"properties":{"OBJECTID":107,"Municipality":"San Bernardino","ST":"CA","F2024_estimate":224775,"F2020_census":222101,"F2020_land_area_mi2":62.100000000000001,"F2020_density_mi2":3577,"Type":"City","lat":34.140000000000001,"long":-117.29000000000001}},{"type":"Feature","id":108,"geometry":{"type":"Point","coordinates":[-91.129999999999939,30.440000000000055]},"properties":{"OBJECTID":108,"Municipality":"Baton Rouge","ST":"LA","F2024_estimate":220907,"F2020_census":227470,"F2020_land_area_mi2":86.299999999999997,"F2020_density_mi2":2636,"Type":"State capital","lat":30.440000000000001,"long":-91.129999999999995}},{"type":"Feature","id":109,"geometry":{"type":"Point","coordinates":[-120.99999999999994,37.640000000000043]},"properties":{"OBJECTID":109,"Municipality":"Modesto","ST":"CA","F2024_estimate":220592,"F2020_census":218464,"F2020_land_area_mi2":43,"F2020_density_mi2":5081,"Type":"City","lat":37.640000000000001,"long":-121}},{"type":"Feature","id":110,"geometry":{"type":"Point","coordinates":[-117.45999999999998,34.11000000000007]},"properties":{"OBJECTID":110,"Municipality":"Fontana","ST":"CA","F2024_estimate":218455,"F2020_census":208393,"F2020_land_area_mi2":43.100000000000001,"F2020_density_mi2":4835,"Type":"City","lat":34.109999999999999,"long":-117.45999999999999}},{"type":"Feature","id":111,"geometry":{"type":"Point","coordinates":[-111.92999999999995,40.78000000000003]},"properties":{"OBJECTID":111,"Municipality":"Salt Lake City","ST":"UT","F2024_estimate":217783,"F2020_census":199723,"F2020_land_area_mi2":110.3,"F2020_density_mi2":1811,"Type":"State capital and largest municipality","lat":40.780000000000001,"long":-111.93000000000001}},{"type":"Feature","id":112,"geometry":{"type":"Point","coordinates":[-117.20999999999998,33.920000000000073]},"properties":{"OBJECTID":112,"Municipality":"Moreno Valley","ST":"CA","F2024_estimate":213919,"F2020_census":208634,"F2020_land_area_mi2":51.299999999999997,"F2020_density_mi2":4067,"Type":"City","lat":33.920000000000002,"long":-117.20999999999999}},{"type":"Feature","id":113,"geometry":{"type":"Point","coordinates":[-93.609999999999957,41.57000000000005]},"properties":{"OBJECTID":113,"Municipality":"Des Moines","ST":"IA","F2024_estimate":213096,"F2020_census":214133,"F2020_land_area_mi2":88.200000000000003,"F2020_density_mi2":2428,"Type":"State capital and largest municipality","lat":41.57,"long":-93.609999999999999}},{"type":"Feature","id":114,"geometry":{"type":"Point","coordinates":[-71.809999999999945,42.270000000000039]},"properties":{"OBJECTID":114,"Municipality":"Worcester","ST":"MA","F2024_estimate":211286,"F2020_census":206518,"F2020_land_area_mi2":37.399999999999999,"F2020_density_mi2":5522,"Type":"City","lat":42.270000000000003,"long":-71.810000000000002}},{"type":"Feature","id":115,"geometry":{"type":"Point","coordinates":[-73.869999999999948,40.950000000000045]},"properties":{"OBJECTID":115,"Municipality":"Yonkers","ST":"NY","F2024_estimate":211040,"F2020_census":211569,"F2020_land_area_mi2":18,"F2020_density_mi2":11754,"Type":"City","lat":40.950000000000003,"long":-73.870000000000005}},{"type":"Feature","id":116,"geometry":{"type":"Point","coordinates":[-78.96999999999997,35.080000000000041]},"properties":{"OBJECTID":116,"Municipality":"Fayetteville","ST":"NC","F2024_estimate":209496,"F2020_census":208501,"F2020_land_area_mi2":148.30000000000001,"F2020_density_mi2":1406,"Type":"City","lat":35.079999999999998,"long":-78.969999999999999}},{"type":"Feature","id":117,"geometry":{"type":"Point","coordinates":[-96.729999999999961,43.540000000000077]},"properties":{"OBJECTID":117,"Municipality":"Sioux Falls","ST":"SD","F2024_estimate":209289,"F2020_census":192517,"F2020_land_area_mi2":79.099999999999994,"F2020_density_mi2":2434,"Type":"State's largest municipality","lat":43.539999999999999,"long":-96.730000000000004}},{"type":"Feature","id":118,"geometry":{"type":"Point","coordinates":[-97.019999999999982,32.690000000000055]},"properties":{"OBJECTID":118,"Municipality":"Grand Prairie","ST":"TX","F2024_estimate":207331,"F2020_census":196100,"F2020_land_area_mi2":72.599999999999994,"F2020_density_mi2":2701,"Type":"City","lat":32.689999999999998,"long":-97.019999999999996}},{"type":"Feature","id":119,"geometry":{"type":"Point","coordinates":[-77.619999999999948,43.170000000000073]},"properties":{"OBJECTID":119,"Municipality":"Rochester","ST":"NY","F2024_estimate":207282,"F2020_census":211328,"F2020_land_area_mi2":35.799999999999997,"F2020_density_mi2":5903,"Type":"City","lat":43.170000000000002,"long":-77.620000000000005}},{"type":"Feature","id":120,"geometry":{"type":"Point","coordinates":[-84.249999999999943,30.460000000000036]},"properties":{"OBJECTID":120,"Municipality":"Tallahassee","ST":"FL","F2024_estimate":205089,"F2020_census":196169,"F2020_land_area_mi2":100.90000000000001,"F2020_density_mi2":1944,"Type":"State capital","lat":30.460000000000001,"long":-84.25}},{"type":"Feature","id":121,"geometry":{"type":"Point","coordinates":[-92.359999999999957,34.720000000000027]},"properties":{"OBJECTID":121,"Municipality":"Little Rock","ST":"AR","F2024_estimate":204774,"F2020_census":202591,"F2020_land_area_mi2":120,"F2020_density_mi2":1688,"Type":"State capital and largest municipality","lat":34.719999999999999,"long":-92.359999999999999}},{"type":"Feature","id":122,"geometry":{"type":"Point","coordinates":[-101.82999999999998,35.200000000000045]},"properties":{"OBJECTID":122,"Municipality":"Amarillo","ST":"TX","F2024_estimate":203729,"F2020_census":200393,"F2020_land_area_mi2":102.3,"F2020_density_mi2":1959,"Type":"City","lat":35.200000000000003,"long":-101.83}},{"type":"Feature","id":123,"geometry":{"type":"Point","coordinates":[-94.689999999999941,38.890000000000043]},"properties":{"OBJECTID":123,"Municipality":"Overland Park","ST":"KS","F2024_estimate":202893,"F2020_census":197238,"F2020_land_area_mi2":75.200000000000003,"F2020_density_mi2":2623,"Type":"City","lat":38.890000000000001,"long":-94.689999999999998}},{"type":"Feature","id":124,"geometry":{"type":"Point","coordinates":[-84.869999999999948,32.510000000000048]},"properties":{"OBJECTID":124,"Municipality":"Columbus","ST":"GA","F2024_estimate":201830,"F2020_census":206922,"F2020_land_area_mi2":216.5,"F2020_density_mi2":956,"Type":"City","lat":32.509999999999998,"long":-84.870000000000005}},{"type":"Feature","id":125,"geometry":{"type":"Point","coordinates":[-82.069999999999936,33.370000000000061]},"properties":{"OBJECTID":125,"Municipality":"Augusta","ST":"GA","F2024_estimate":201737,"F2020_census":202081,"F2020_land_area_mi2":302.30000000000001,"F2020_density_mi2":668,"Type":"City","lat":33.369999999999997,"long":-82.069999999999993}},{"type":"Feature","id":126,"geometry":{"type":"Point","coordinates":[-88.099999999999966,30.670000000000073]},"properties":{"OBJECTID":126,"Municipality":"Mobile","ST":"AL","F2024_estimate":201367,"F2020_census":187041,"F2020_land_area_mi2":139.5,"F2020_density_mi2":1341,"Type":"City","lat":30.670000000000002,"long":-88.099999999999994}},{"type":"Feature","id":127,"geometry":{"type":"Point","coordinates":[-119.20999999999998,34.200000000000045]},"properties":{"OBJECTID":127,"Municipality":"Oxnard","ST":"CA","F2024_estimate":200616,"F2020_census":202063,"F2020_land_area_mi2":26.5,"F2020_density_mi2":7625,"Type":"City","lat":34.200000000000003,"long":-119.20999999999999}},{"type":"Feature","id":128,"geometry":{"type":"Point","coordinates":[-85.659999999999968,42.960000000000036]},"properties":{"OBJECTID":128,"Municipality":"Grand Rapids","ST":"MI","F2024_estimate":200117,"F2020_census":198917,"F2020_land_area_mi2":44.799999999999997,"F2020_density_mi2":4440,"Type":"City","lat":42.960000000000001,"long":-85.659999999999997}},{"type":"Feature","id":129,"geometry":{"type":"Point","coordinates":[-112.30999999999995,33.790000000000077]},"properties":{"OBJECTID":129,"Municipality":"Peoria","ST":"AZ","F2024_estimate":199924,"F2020_census":190985,"F2020_land_area_mi2":176.09999999999999,"F2020_density_mi2":1085,"Type":"City","lat":33.789999999999999,"long":-112.31}},{"type":"Feature","id":130,"geometry":{"type":"Point","coordinates":[-122.59999999999997,45.640000000000043]},"properties":{"OBJECTID":130,"Municipality":"Vancouver","ST":"WA","F2024_estimate":198992,"F2020_census":190915,"F2020_land_area_mi2":48.700000000000003,"F2020_density_mi2":3920,"Type":"City","lat":45.640000000000001,"long":-122.59999999999999}},{"type":"Feature","id":131,"geometry":{"type":"Point","coordinates":[-83.949999999999989,35.970000000000027]},"properties":{"OBJECTID":131,"Municipality":"Knoxville","ST":"TN","F2024_estimate":198722,"F2020_census":190740,"F2020_land_area_mi2":98.700000000000003,"F2020_density_mi2":1933,"Type":"City","lat":35.969999999999999,"long":-83.950000000000003}},{"type":"Feature","id":132,"geometry":{"type":"Point","coordinates":[-86.799999999999955,33.53000000000003]},"properties":{"OBJECTID":132,"Municipality":"Birmingham","ST":"AL","F2024_estimate":196357,"F2020_census":200733,"F2020_land_area_mi2":147,"F2020_density_mi2":1366,"Type":"City","lat":33.530000000000001,"long":-86.799999999999997}},{"type":"Feature","id":133,"geometry":{"type":"Point","coordinates":[-86.269999999999982,32.35000000000008]},"properties":{"OBJECTID":133,"Municipality":"Montgomery","ST":"AL","F2024_estimate":195818,"F2020_census":200603,"F2020_land_area_mi2":159.90000000000001,"F2020_density_mi2":1255,"Type":"State capital","lat":32.350000000000001,"long":-86.269999999999996}},{"type":"Feature","id":134,"geometry":{"type":"Point","coordinates":[-71.419999999999959,41.82000000000005]},"properties":{"OBJECTID":134,"Municipality":"Providence","ST":"RI","F2024_estimate":194706,"F2020_census":190934,"F2020_land_area_mi2":18.399999999999999,"F2020_density_mi2":10377,"Type":"State capital and largest municipality","lat":41.82,"long":-71.420000000000002}},{"type":"Feature","id":135,"geometry":{"type":"Point","coordinates":[-117.99999999999994,33.700000000000045]},"properties":{"OBJECTID":135,"Municipality":"Huntington Beach","ST":"CA","F2024_estimate":193151,"F2020_census":198711,"F2020_land_area_mi2":27,"F2020_density_mi2":7360,"Type":"City","lat":33.700000000000003,"long":-118}},{"type":"Feature","id":136,"geometry":{"type":"Point","coordinates":[-97.449999999999989,26.000000000000057]},"properties":{"OBJECTID":136,"Municipality":"Brownsville","ST":"TX","F2024_estimate":191967,"F2020_census":186738,"F2020_land_area_mi2":131.5,"F2020_density_mi2":1420,"Type":"City","lat":26,"long":-97.450000000000003}},{"type":"Feature","id":137,"geometry":{"type":"Point","coordinates":[-85.249999999999943,35.07000000000005]},"properties":{"OBJECTID":137,"Municipality":"Chattanooga","ST":"TN","F2024_estimate":191496,"F2020_census":181099,"F2020_land_area_mi2":142.40000000000001,"F2020_density_mi2":1272,"Type":"City","lat":35.07,"long":-85.25}},{"type":"Feature","id":138,"geometry":{"type":"Point","coordinates":[-80.149999999999977,26.140000000000043]},"properties":{"OBJECTID":138,"Municipality":"Fort Lauderdale","ST":"FL","F2024_estimate":190641,"F2020_census":182760,"F2020_land_area_mi2":34.600000000000001,"F2020_density_mi2":5282,"Type":"City","lat":26.140000000000001,"long":-80.150000000000006}},{"type":"Feature","id":139,"geometry":{"type":"Point","coordinates":[-111.92999999999995,33.390000000000043]},"properties":{"OBJECTID":139,"Municipality":"Tempe","ST":"AZ","F2024_estimate":190114,"F2020_census":180587,"F2020_land_area_mi2":39.899999999999999,"F2020_density_mi2":4526,"Type":"City","lat":33.390000000000001,"long":-111.93000000000001}},{"type":"Feature","id":140,"geometry":{"type":"Point","coordinates":[-81.519999999999982,41.080000000000041]},"properties":{"OBJECTID":140,"Municipality":"Akron","ST":"OH","F2024_estimate":189664,"F2020_census":190469,"F2020_land_area_mi2":61.899999999999999,"F2020_density_mi2":3077,"Type":"City","lat":41.079999999999998,"long":-81.519999999999996}},{"type":"Feature","id":141,"geometry":{"type":"Point","coordinates":[-118.24999999999994,34.180000000000064]},"properties":{"OBJECTID":141,"Municipality":"Glendale","ST":"CA","F2024_estimate":187823,"F2020_census":196543,"F2020_land_area_mi2":30.5,"F2020_density_mi2":6444,"Type":"City","lat":34.18,"long":-118.25}},{"type":"Feature","id":142,"geometry":{"type":"Point","coordinates":[-87.349999999999966,36.57000000000005]},"properties":{"OBJECTID":142,"Municipality":"Clarksville","ST":"TN","F2024_estimate":185690,"F2020_census":166722,"F2020_land_area_mi2":99.400000000000006,"F2020_density_mi2":1677,"Type":"City","lat":36.57,"long":-87.349999999999994}},{"type":"Feature","id":143,"geometry":{"type":"Point","coordinates":[-117.59999999999997,34.040000000000077]},"properties":{"OBJECTID":143,"Municipality":"Ontario","ST":"CA","F2024_estimate":185285,"F2020_census":175265,"F2020_land_area_mi2":50,"F2020_density_mi2":3505,"Type":"City","lat":34.039999999999999,"long":-117.59999999999999}},{"type":"Feature","id":144,"geometry":{"type":"Point","coordinates":[-76.519999999999982,37.080000000000041]},"properties":{"OBJECTID":144,"Municipality":"Newport News","ST":"VA","F2024_estimate":183056,"F2020_census":186247,"F2020_land_area_mi2":69,"F2020_density_mi2":2699,"Type":"City","lat":37.079999999999998,"long":-76.519999999999996}},{"type":"Feature","id":145,"geometry":{"type":"Point","coordinates":[-121.37999999999994,38.410000000000025]},"properties":{"OBJECTID":145,"Municipality":"Elk Grove","ST":"CA","F2024_estimate":182797,"F2020_census":176124,"F2020_land_area_mi2":42,"F2020_density_mi2":4193,"Type":"City","lat":38.409999999999997,"long":-121.38}},{"type":"Feature","id":146,"geometry":{"type":"Point","coordinates":[-78.819999999999936,35.78000000000003]},"properties":{"OBJECTID":146,"Municipality":"Cary","ST":"NC","F2024_estimate":182659,"F2020_census":174721,"F2020_land_area_mi2":59.200000000000003,"F2020_density_mi2":2951,"Type":"City","lat":35.780000000000001,"long":-78.819999999999993}},{"type":"Feature","id":147,"geometry":{"type":"Point","coordinates":[-88.289999999999964,41.760000000000048]},"properties":{"OBJECTID":147,"Municipality":"Aurora","ST":"IL","F2024_estimate":180710,"F2020_census":180542,"F2020_land_area_mi2":45,"F2020_density_mi2":4012,"Type":"State's second largest municipality","lat":41.759999999999998,"long":-88.290000000000006}},{"type":"Feature","id":148,"geometry":{"type":"Point","coordinates":[-123.01999999999998,44.920000000000073]},"properties":{"OBJECTID":148,"Municipality":"Salem","ST":"OR","F2024_estimate":180406,"F2020_census":175535,"F2020_land_area_mi2":48.799999999999997,"F2020_density_mi2":3597,"Type":"State capital","lat":44.920000000000002,"long":-123.02}},{"type":"Feature","id":149,"geometry":{"type":"Point","coordinates":[-80.339999999999975,26.010000000000048]},"properties":{"OBJECTID":149,"Municipality":"Pembroke Pines","ST":"FL","F2024_estimate":179326,"F2020_census":171178,"F2020_land_area_mi2":32.700000000000003,"F2020_density_mi2":5235,"Type":"City","lat":26.010000000000002,"long":-80.340000000000003}},{"type":"Feature","id":150,"geometry":{"type":"Point","coordinates":[-123.11999999999995,44.060000000000059]},"properties":{"OBJECTID":150,"Municipality":"Eugene","ST":"OR","F2024_estimate":178786,"F2020_census":176654,"F2020_land_area_mi2":44.200000000000003,"F2020_density_mi2":3997,"Type":"City","lat":44.060000000000002,"long":-123.12}},{"type":"Feature","id":151,"geometry":{"type":"Point","coordinates":[-122.70999999999998,38.450000000000045]},"properties":{"OBJECTID":151,"Municipality":"Santa Rosa","ST":"CA","F2024_estimate":177524,"F2020_census":178127,"F2020_land_area_mi2":42.5,"F2020_density_mi2":4191,"Type":"City","lat":38.450000000000003,"long":-122.70999999999999}},{"type":"Feature","id":152,"geometry":{"type":"Point","coordinates":[-117.55999999999995,34.120000000000061]},"properties":{"OBJECTID":152,"Municipality":"Rancho Cucamonga","ST":"CA","F2024_estimate":176675,"F2020_census":174453,"F2020_land_area_mi2":40.100000000000001,"F2020_density_mi2":4350,"Type":"City","lat":34.119999999999997,"long":-117.56}},{"type":"Feature","id":153,"geometry":{"type":"Point","coordinates":[-93.789999999999964,32.470000000000027]},"properties":{"OBJECTID":153,"Municipality":"Shreveport","ST":"LA","F2024_estimate":176578,"F2020_census":187593,"F2020_land_area_mi2":107.8,"F2020_density_mi2":1740,"Type":"City","lat":32.469999999999999,"long":-93.790000000000006}},{"type":"Feature","id":154,"geometry":{"type":"Point","coordinates":[-117.95999999999998,33.78000000000003]},"properties":{"OBJECTID":154,"Municipality":"Garden Grove","ST":"CA","F2024_estimate":172361,"F2020_census":171949,"F2020_land_area_mi2":18,"F2020_density_mi2":9553,"Type":"City","lat":33.780000000000001,"long":-117.95999999999999}},{"type":"Feature","id":155,"geometry":{"type":"Point","coordinates":[-117.30999999999995,33.220000000000027]},"properties":{"OBJECTID":155,"Municipality":"Oceanside","ST":"CA","F2024_estimate":170941,"F2020_census":174068,"F2020_land_area_mi2":41.299999999999997,"F2020_density_mi2":4215,"Type":"City","lat":33.219999999999999,"long":-117.31}},{"type":"Feature","id":156,"geometry":{"type":"Point","coordinates":[-105.05999999999995,40.550000000000068]},"properties":{"OBJECTID":156,"Municipality":"Fort Collins","ST":"CO","F2024_estimate":170924,"F2020_census":169810,"F2020_land_area_mi2":57.200000000000003,"F2020_density_mi2":2969,"Type":"City","lat":40.549999999999997,"long":-105.06}},{"type":"Feature","id":157,"geometry":{"type":"Point","coordinates":[-93.289999999999964,37.190000000000055]},"properties":{"OBJECTID":157,"Municipality":"Springfield","ST":"MO","F2024_estimate":170596,"F2020_census":169176,"F2020_land_area_mi2":82.400000000000006,"F2020_density_mi2":2053,"Type":"City","lat":37.189999999999998,"long":-93.290000000000006}},{"type":"Feature","id":158,"geometry":{"type":"Point","coordinates":[-86.419999999999959,35.85000000000008]},"properties":{"OBJECTID":158,"Municipality":"Murfreesboro","ST":"TN","F2024_estimate":168387,"F2020_census":152769,"F2020_land_area_mi2":62.899999999999999,"F2020_density_mi2":2429,"Type":"City","lat":35.850000000000001,"long":-86.420000000000002}},{"type":"Feature","id":159,"geometry":{"type":"Point","coordinates":[-112.44999999999999,33.670000000000073]},"properties":{"OBJECTID":159,"Municipality":"Surprise","ST":"AZ","F2024_estimate":167564,"F2020_census":143148,"F2020_land_area_mi2":110.3,"F2020_density_mi2":1298,"Type":"City","lat":33.670000000000002,"long":-112.45}},{"type":"Feature","id":160,"geometry":{"type":"Point","coordinates":[-118.17999999999995,34.690000000000055]},"properties":{"OBJECTID":160,"Municipality":"Lancaster","ST":"CA","F2024_estimate":167426,"F2020_census":173516,"F2020_land_area_mi2":94.299999999999997,"F2020_density_mi2":1840,"Type":"City","lat":34.689999999999998,"long":-118.18000000000001}},{"type":"Feature","id":161,"geometry":{"type":"Point","coordinates":[-97.139999999999986,33.220000000000027]},"properties":{"OBJECTID":161,"Municipality":"Denton","ST":"TX","F2024_estimate":165998,"F2020_census":139869,"F2020_land_area_mi2":96.400000000000006,"F2020_density_mi2":1451,"Type":"City","lat":33.219999999999999,"long":-97.140000000000001}},{"type":"Feature","id":162,"geometry":{"type":"Point","coordinates":[-121.31999999999999,38.770000000000039]},"properties":{"OBJECTID":162,"Municipality":"Roseville","ST":"CA","F2024_estimate":163304,"F2020_census":147773,"F2020_land_area_mi2":44.100000000000001,"F2020_density_mi2":3351,"Type":"City","lat":38.770000000000003,"long":-121.31999999999999}},{"type":"Feature","id":163,"geometry":{"type":"Point","coordinates":[-118.10999999999996,34.590000000000032]},"properties":{"OBJECTID":163,"Municipality":"Palmdale","ST":"CA","F2024_estimate":162536,"F2020_census":169450,"F2020_land_area_mi2":106.09999999999999,"F2020_density_mi2":1597,"Type":"City","lat":34.590000000000003,"long":-118.11}},{"type":"Feature","id":164,"geometry":{"type":"Point","coordinates":[-117.56999999999999,33.86000000000007]},"properties":{"OBJECTID":164,"Municipality":"Corona","ST":"CA","F2024_estimate":161540,"F2020_census":157136,"F2020_land_area_mi2":39.899999999999999,"F2020_density_mi2":3938,"Type":"City","lat":33.859999999999999,"long":-117.56999999999999}},{"type":"Feature","id":165,"geometry":{"type":"Point","coordinates":[-121.62999999999994,36.690000000000055]},"properties":{"OBJECTID":165,"Municipality":"Salinas","ST":"CA","F2024_estimate":160783,"F2020_census":163542,"F2020_land_area_mi2":23.5,"F2020_density_mi2":6959,"Type":"City","lat":36.689999999999998,"long":-121.63}},{"type":"Feature","id":166,"geometry":{"type":"Point","coordinates":[-97.729999999999961,31.080000000000041]},"properties":{"OBJECTID":166,"Municipality":"Killeen","ST":"TX","F2024_estimate":160616,"F2020_census":153095,"F2020_land_area_mi2":54.799999999999997,"F2020_density_mi2":2794,"Type":"City","lat":31.079999999999998,"long":-97.730000000000004}},{"type":"Feature","id":167,"geometry":{"type":"Point","coordinates":[-74.159999999999968,40.910000000000025]},"properties":{"OBJECTID":167,"Municipality":"Paterson","ST":"NJ","F2024_estimate":160463,"F2020_census":159732,"F2020_land_area_mi2":8.4000000000000004,"F2020_density_mi2":19016,"Type":"City","lat":40.909999999999997,"long":-74.159999999999997}},{"type":"Feature","id":168,"geometry":{"type":"Point","coordinates":[-77.079999999999984,38.82000000000005]},"properties":{"OBJECTID":168,"Municipality":"Alexandria","ST":"VA","F2024_estimate":159102,"F2020_census":159467,"F2020_land_area_mi2":14.9,"F2020_density_mi2":10702,"Type":"City","lat":38.82,"long":-77.079999999999998}},{"type":"Feature","id":169,"geometry":{"type":"Point","coordinates":[-80.159999999999968,26.03000000000003]},"properties":{"OBJECTID":169,"Municipality":"Hollywood","ST":"FL","F2024_estimate":159073,"F2020_census":153067,"F2020_land_area_mi2":27.300000000000001,"F2020_density_mi2":5607,"Type":"City","lat":26.030000000000001,"long":-80.159999999999997}},{"type":"Feature","id":170,"geometry":{"type":"Point","coordinates":[-122.09999999999997,37.630000000000052]},"properties":{"OBJECTID":170,"Municipality":"Hayward","ST":"CA","F2024_estimate":158440,"F2020_census":162954,"F2020_land_area_mi2":45.799999999999997,"F2020_density_mi2":3558,"Type":"City","lat":37.630000000000003,"long":-122.09999999999999}},{"type":"Feature","id":171,"geometry":{"type":"Point","coordinates":[-79.96999999999997,32.830000000000041]},"properties":{"OBJECTID":171,"Municipality":"Charleston","ST":"SC","F2024_estimate":157665,"F2020_census":150227,"F2020_land_area_mi2":114.8,"F2020_density_mi2":1309,"Type":"State's largest municipality","lat":32.829999999999998,"long":-79.969999999999999}},{"type":"Feature","id":172,"geometry":{"type":"Point","coordinates":[-83.689999999999941,32.810000000000059]},"properties":{"OBJECTID":172,"Municipality":"Macon","ST":"GA","F2024_estimate":157056,"F2020_census":157346,"F2020_land_area_mi2":249.40000000000001,"F2020_density_mi2":631,"Type":"City","lat":32.810000000000002,"long":-83.689999999999998}},{"type":"Feature","id":173,"geometry":{"type":"Point","coordinates":[-105.11999999999995,39.700000000000045]},"properties":{"OBJECTID":173,"Municipality":"Lakewood","ST":"CO","F2024_estimate":156868,"F2020_census":155984,"F2020_land_area_mi2":43.5,"F2020_density_mi2":3586,"Type":"City","lat":39.700000000000003,"long":-105.12}},{"type":"Feature","id":174,"geometry":{"type":"Point","coordinates":[-122.02999999999997,37.390000000000043]},"properties":{"OBJECTID":174,"Municipality":"Sunnyvale","ST":"CA","F2024_estimate":156792,"F2020_census":155805,"F2020_land_area_mi2":22.100000000000001,"F2020_density_mi2":7050,"Type":"City","lat":37.390000000000001,"long":-122.03}},{"type":"Feature","id":175,"geometry":{"type":"Point","coordinates":[-94.739999999999952,39.120000000000061]},"properties":{"OBJECTID":175,"Municipality":"Kansas City","ST":"KS","F2024_estimate":156752,"F2020_census":156607,"F2020_land_area_mi2":124.7,"F2020_density_mi2":1256,"Type":"City","lat":39.119999999999997,"long":-94.739999999999995}},{"type":"Feature","id":176,"geometry":{"type":"Point","coordinates":[-72.539999999999964,42.120000000000061]},"properties":{"OBJECTID":176,"Municipality":"Springfield","ST":"MA","F2024_estimate":154888,"F2020_census":155929,"F2020_land_area_mi2":31.899999999999999,"F2020_density_mi2":4888,"Type":"City","lat":42.119999999999997,"long":-72.540000000000006}},{"type":"Feature","id":177,"geometry":{"type":"Point","coordinates":[-122.15999999999997,47.60000000000008]},"properties":{"OBJECTID":177,"Municipality":"Bellevue","ST":"WA","F2024_estimate":154377,"F2020_census":151854,"F2020_land_area_mi2":33.5,"F2020_density_mi2":4533,"Type":"City","lat":47.600000000000001,"long":-122.16}},{"type":"Feature","id":178,"geometry":{"type":"Point","coordinates":[-88.159999999999968,41.750000000000057]},"properties":{"OBJECTID":178,"Municipality":"Naperville","ST":"IL","F2024_estimate":153124,"F2020_census":149540,"F2020_land_area_mi2":39.100000000000001,"F2020_density_mi2":3825,"Type":"City","lat":41.75,"long":-88.159999999999997}},{"type":"Feature","id":179,"geometry":{"type":"Point","coordinates":[-88.149999999999977,41.520000000000039]},"properties":{"OBJECTID":179,"Municipality":"Joliet","ST":"IL","F2024_estimate":151837,"F2020_census":150362,"F2020_land_area_mi2":64.5,"F2020_density_mi2":2331,"Type":"City","lat":41.520000000000003,"long":-88.150000000000006}},{"type":"Feature","id":180,"geometry":{"type":"Point","coordinates":[-73.199999999999989,41.190000000000055]},"properties":{"OBJECTID":180,"Municipality":"Bridgeport","ST":"CT","F2024_estimate":151599,"F2020_census":148654,"F2020_land_area_mi2":16.100000000000001,"F2020_density_mi2":9233,"Type":"State's largest municipality","lat":41.189999999999998,"long":-73.200000000000003}},{"type":"Feature","id":181,"geometry":{"type":"Point","coordinates":[-96.589999999999975,32.760000000000048]},"properties":{"OBJECTID":181,"Municipality":"Mesquite","ST":"TX","F2024_estimate":150140,"F2020_census":150108,"F2020_land_area_mi2":48.5,"F2020_density_mi2":3095,"Type":"City","lat":32.759999999999998,"long":-96.590000000000003}},{"type":"Feature","id":182,"geometry":{"type":"Point","coordinates":[-95.149999999999977,29.650000000000034]},"properties":{"OBJECTID":182,"Municipality":"Pasadena","ST":"TX","F2024_estimate":149617,"F2020_census":151950,"F2020_land_area_mi2":43.700000000000003,"F2020_density_mi2":3477,"Type":"City","lat":29.649999999999999,"long":-95.150000000000006}},{"type":"Feature","id":183,"geometry":{"type":"Point","coordinates":[-94.819999999999936,38.880000000000052]},"properties":{"OBJECTID":183,"Municipality":"Olathe","ST":"KS","F2024_estimate":149035,"F2020_census":141290,"F2020_land_area_mi2":61.899999999999999,"F2020_density_mi2":2283,"Type":"City","lat":38.880000000000003,"long":-94.819999999999993}},{"type":"Feature","id":184,"geometry":{"type":"Point","coordinates":[-117.06999999999999,33.130000000000052]},"properties":{"OBJECTID":184,"Municipality":"Escondido","ST":"CA","F2024_estimate":148847,"F2020_census":151038,"F2020_land_area_mi2":37.299999999999997,"F2020_density_mi2":4049,"Type":"City","lat":33.130000000000003,"long":-117.06999999999999}},{"type":"Feature","id":185,"geometry":{"type":"Point","coordinates":[-81.149999999999977,32.000000000000057]},"properties":{"OBJECTID":185,"Municipality":"Savannah","ST":"GA","F2024_estimate":148808,"F2020_census":147780,"F2020_land_area_mi2":106.8,"F2020_density_mi2":1384,"Type":"City","lat":32,"long":-81.150000000000006}},{"type":"Feature","id":186,"geometry":{"type":"Point","coordinates":[-98.249999999999943,26.220000000000027]},"properties":{"OBJECTID":186,"Municipality":"McAllen","ST":"TX","F2024_estimate":148782,"F2020_census":142210,"F2020_land_area_mi2":62.299999999999997,"F2020_density_mi2":2283,"Type":"City","lat":26.219999999999999,"long":-98.25}},{"type":"Feature","id":187,"geometry":{"type":"Point","coordinates":[-82.349999999999966,29.680000000000064]},"properties":{"OBJECTID":187,"Municipality":"Gainesville","ST":"FL","F2024_estimate":148720,"F2020_census":141085,"F2020_land_area_mi2":63.200000000000003,"F2020_density_mi2":2232,"Type":"City","lat":29.68,"long":-82.349999999999994}},{"type":"Feature","id":188,"geometry":{"type":"Point","coordinates":[-117.75999999999999,34.060000000000059]},"properties":{"OBJECTID":188,"Municipality":"Pomona","ST":"CA","F2024_estimate":147966,"F2020_census":151713,"F2020_land_area_mi2":23,"F2020_density_mi2":6596,"Type":"City","lat":34.060000000000002,"long":-117.76000000000001}},{"type":"Feature","id":189,"geometry":{"type":"Point","coordinates":[-89.059999999999945,42.260000000000048]},"properties":{"OBJECTID":189,"Municipality":"Rockford","ST":"IL","F2024_estimate":147486,"F2020_census":148655,"F2020_land_area_mi2":64.5,"F2020_density_mi2":2305,"Type":"City","lat":42.259999999999998,"long":-89.060000000000002}},{"type":"Feature","id":190,"geometry":{"type":"Point","coordinates":[-104.93999999999994,39.920000000000073]},"properties":{"OBJECTID":190,"Municipality":"Thornton","ST":"CO","F2024_estimate":146689,"F2020_census":141867,"F2020_land_area_mi2":35.899999999999999,"F2020_density_mi2":3952,"Type":"City","lat":39.920000000000002,"long":-104.94}},{"type":"Feature","id":191,"geometry":{"type":"Point","coordinates":[-97.189999999999941,31.560000000000059]},"properties":{"OBJECTID":191,"Municipality":"Waco","ST":"TX","F2024_estimate":146608,"F2020_census":138486,"F2020_land_area_mi2":88.700000000000003,"F2020_density_mi2":1561,"Type":"City","lat":31.559999999999999,"long":-97.189999999999998}},{"type":"Feature","id":192,"geometry":{"type":"Point","coordinates":[-119.32999999999998,36.330000000000041]},"properties":{"OBJECTID":192,"Municipality":"Visalia","ST":"CA","F2024_estimate":146271,"F2020_census":141384,"F2020_land_area_mi2":37.899999999999999,"F2020_density_mi2":3730,"Type":"City","lat":36.329999999999998,"long":-119.33}},{"type":"Feature","id":193,"geometry":{"type":"Point","coordinates":[-76.139999999999986,43.040000000000077]},"properties":{"OBJECTID":193,"Municipality":"Syracuse","ST":"NY","F2024_estimate":146097,"F2020_census":148620,"F2020_land_area_mi2":25.100000000000001,"F2020_density_mi2":5921,"Type":"City","lat":43.039999999999999,"long":-76.140000000000001}},{"type":"Feature","id":194,"geometry":{"type":"Point","coordinates":[-80.909999999999968,34.040000000000077]},"properties":{"OBJECTID":194,"Municipality":"Columbia","ST":"SC","F2024_estimate":144788,"F2020_census":136632,"F2020_land_area_mi2":136.80000000000001,"F2020_density_mi2":999,"Type":"State capital","lat":34.039999999999999,"long":-80.909999999999997}},{"type":"Feature","id":195,"geometry":{"type":"Point","coordinates":[-102.10999999999996,32.020000000000039]},"properties":{"OBJECTID":195,"Municipality":"Midland","ST":"TX","F2024_estimate":143687,"F2020_census":132524,"F2020_land_area_mi2":75.5,"F2020_density_mi2":1755,"Type":"City","lat":32.020000000000003,"long":-102.11}},{"type":"Feature","id":196,"geometry":{"type":"Point","coordinates":[-80.339999999999975,25.970000000000027]},"properties":{"OBJECTID":196,"Municipality":"Miramar","ST":"FL","F2024_estimate":143242,"F2020_census":134721,"F2020_land_area_mi2":28.899999999999999,"F2020_density_mi2":4662,"Type":"City","lat":25.969999999999999,"long":-80.340000000000003}},{"type":"Feature","id":197,"geometry":{"type":"Point","coordinates":[-80.659999999999968,27.960000000000036]},"properties":{"OBJECTID":197,"Municipality":"Palm Bay","ST":"FL","F2024_estimate":142023,"F2020_census":119760,"F2020_land_area_mi2":86.400000000000006,"F2020_density_mi2":1386,"Type":"City","lat":27.960000000000001,"long":-80.659999999999997}},{"type":"Feature","id":198,"geometry":{"type":"Point","coordinates":[-74.199999999999989,40.080000000000041]},"properties":{"OBJECTID":198,"Municipality":"Lakewood","ST":"NJ","F2024_estimate":141985,"F2020_census":135158,"F2020_land_area_mi2":24.699999999999999,"F2020_density_mi2":5472,"Type":"City","lat":40.079999999999998,"long":-74.200000000000003}},{"type":"Feature","id":199,"geometry":{"type":"Point","coordinates":[-90.20999999999998,32.32000000000005]},"properties":{"OBJECTID":199,"Municipality":"Jackson","ST":"MS","F2024_estimate":141449,"F2020_census":153701,"F2020_land_area_mi2":111.7,"F2020_density_mi2":1376,"Type":"State capital and largest municipality","lat":32.32,"long":-90.209999999999994}},{"type":"Feature","id":200,"geometry":{"type":"Point","coordinates":[-80.259999999999934,26.270000000000039]},"properties":{"OBJECTID":200,"Municipality":"Coral Springs","ST":"FL","F2024_estimate":140808,"F2020_census":134394,"F2020_land_area_mi2":22.899999999999999,"F2020_density_mi2":5869,"Type":"City","lat":26.27,"long":-80.260000000000005}},{"type":"Feature","id":201,"geometry":{"type":"Point","coordinates":[-117.34999999999997,34.53000000000003]},"properties":{"OBJECTID":201,"Municipality":"Victorville","ST":"CA","F2024_estimate":140721,"F2020_census":134810,"F2020_land_area_mi2":73.700000000000003,"F2020_density_mi2":1829,"Type":"City","lat":34.530000000000001,"long":-117.34999999999999}},{"type":"Feature","id":202,"geometry":{"type":"Point","coordinates":[-74.189999999999941,40.670000000000073]},"properties":{"OBJECTID":202,"Municipality":"Elizabeth","ST":"NJ","F2024_estimate":140413,"F2020_census":137298,"F2020_land_area_mi2":12.300000000000001,"F2020_density_mi2":11162,"Type":"City","lat":40.670000000000002,"long":-74.189999999999998}},{"type":"Feature","id":203,"geometry":{"type":"Point","coordinates":[-117.92999999999995,33.890000000000043]},"properties":{"OBJECTID":203,"Municipality":"Fullerton","ST":"CA","F2024_estimate":140054,"F2020_census":143617,"F2020_land_area_mi2":22.399999999999999,"F2020_density_mi2":6411,"Type":"City","lat":33.890000000000001,"long":-117.93000000000001}},{"type":"Feature","id":204,"geometry":{"type":"Point","coordinates":[-116.39999999999998,43.61000000000007]},"properties":{"OBJECTID":204,"Municipality":"Meridian","ST":"ID","F2024_estimate":139740,"F2020_census":117635,"F2020_land_area_mi2":35.100000000000001,"F2020_density_mi2":3351,"Type":"City","lat":43.609999999999999,"long":-116.40000000000001}},{"type":"Feature","id":205,"geometry":{"type":"Point","coordinates":[-118.35999999999996,33.830000000000041]},"properties":{"OBJECTID":205,"Municipality":"Torrance","ST":"CA","F2024_estimate":139576,"F2020_census":147067,"F2020_land_area_mi2":20.5,"F2020_density_mi2":7174,"Type":"City","lat":33.829999999999998,"long":-118.36}},{"type":"Feature","id":206,"geometry":{"type":"Point","coordinates":[-73.549999999999955,41.080000000000041]},"properties":{"OBJECTID":206,"Municipality":"Stamford","ST":"CT","F2024_estimate":139134,"F2020_census":135470,"F2020_land_area_mi2":37.600000000000001,"F2020_density_mi2":3603,"Type":"City","lat":41.079999999999998,"long":-73.549999999999997}},{"type":"Feature","id":207,"geometry":{"type":"Point","coordinates":[-112.00999999999999,40.690000000000055]},"properties":{"OBJECTID":207,"Municipality":"West Valley City","ST":"UT","F2024_estimate":138144,"F2020_census":140230,"F2020_land_area_mi2":35.799999999999997,"F2020_density_mi2":3917,"Type":"City","lat":40.689999999999998,"long":-112.01000000000001}},{"type":"Feature","id":208,"geometry":{"type":"Point","coordinates":[-117.85999999999996,33.790000000000077]},"properties":{"OBJECTID":208,"Municipality":"Orange","ST":"CA","F2024_estimate":137941,"F2020_census":139911,"F2020_land_area_mi2":25.699999999999999,"F2020_density_mi2":5444,"Type":"City","lat":33.789999999999999,"long":-117.86}},{"type":"Feature","id":209,"geometry":{"type":"Point","coordinates":[-91.67999999999995,41.970000000000027]},"properties":{"OBJECTID":209,"Municipality":"Cedar Rapids","ST":"IA","F2024_estimate":137904,"F2020_census":137710,"F2020_land_area_mi2":72.099999999999994,"F2020_density_mi2":1910,"Type":"City","lat":41.969999999999999,"long":-91.680000000000007}},{"type":"Feature","id":210,"geometry":{"type":"Point","coordinates":[-83.029999999999973,42.490000000000066]},"properties":{"OBJECTID":210,"Municipality":"Warren","ST":"MI","F2024_estimate":137686,"F2020_census":139387,"F2020_land_area_mi2":34.399999999999999,"F2020_density_mi2":4052,"Type":"City","lat":42.490000000000002,"long":-83.030000000000001}},{"type":"Feature","id":211,"geometry":{"type":"Point","coordinates":[-76.299999999999955,37.050000000000068]},"properties":{"OBJECTID":211,"Municipality":"Hampton","ST":"VA","F2024_estimate":137596,"F2020_census":137148,"F2020_land_area_mi2":51.5,"F2020_density_mi2":2663,"Type":"City","lat":37.049999999999997,"long":-76.299999999999997}},{"type":"Feature","id":212,"geometry":{"type":"Point","coordinates":[-72.919999999999959,41.310000000000059]},"properties":{"OBJECTID":212,"Municipality":"New Haven","ST":"CT","F2024_estimate":137562,"F2020_census":134023,"F2020_land_area_mi2":18.699999999999999,"F2020_density_mi2":7167,"Type":"City","lat":41.310000000000002,"long":-72.920000000000002}},{"type":"Feature","id":213,"geometry":{"type":"Point","coordinates":[-118.13999999999999,34.160000000000025]},"properties":{"OBJECTID":213,"Municipality":"Pasadena","ST":"CA","F2024_estimate":137195,"F2020_census":138699,"F2020_land_area_mi2":23,"F2020_density_mi2":6030,"Type":"City","lat":34.159999999999997,"long":-118.14}},{"type":"Feature","id":214,"geometry":{"type":"Point","coordinates":[-122.20999999999998,47.390000000000043]},"properties":{"OBJECTID":214,"Municipality":"Kent","ST":"WA","F2024_estimate":136588,"F2020_census":136588,"F2020_land_area_mi2":33.799999999999997,"F2020_density_mi2":4041,"Type":"City","lat":47.390000000000001,"long":-122.20999999999999}},{"type":"Feature","id":215,"geometry":{"type":"Point","coordinates":[-84.199999999999989,39.78000000000003]},"properties":{"OBJECTID":215,"Municipality":"Dayton","ST":"OH","F2024_estimate":136346,"F2020_census":137644,"F2020_land_area_mi2":55.799999999999997,"F2020_density_mi2":2467,"Type":"City","lat":39.780000000000001,"long":-84.200000000000003}},{"type":"Feature","id":216,"geometry":{"type":"Point","coordinates":[-96.829999999999984,46.86000000000007]},"properties":{"OBJECTID":216,"Municipality":"Fargo","ST":"ND","F2024_estimate":136285,"F2020_census":125990,"F2020_land_area_mi2":49.799999999999997,"F2020_density_mi2":2530,"Type":"State's largest municipality","lat":46.859999999999999,"long":-96.829999999999998}},{"type":"Feature","id":217,"geometry":{"type":"Point","coordinates":[-96.979999999999961,33.050000000000068]},"properties":{"OBJECTID":217,"Municipality":"Lewisville","ST":"TX","F2024_estimate":135983,"F2020_census":111822,"F2020_land_area_mi2":37,"F2020_density_mi2":3022,"Type":"City","lat":33.049999999999997,"long":-96.980000000000004}},{"type":"Feature","id":218,"geometry":{"type":"Point","coordinates":[-96.899999999999977,32.990000000000066]},"properties":{"OBJECTID":218,"Municipality":"Carrollton","ST":"TX","F2024_estimate":135456,"F2020_census":133434,"F2020_land_area_mi2":36.700000000000003,"F2020_density_mi2":3636,"Type":"City","lat":32.990000000000002,"long":-96.900000000000006}},{"type":"Feature","id":219,"geometry":{"type":"Point","coordinates":[-97.659999999999968,30.53000000000003]},"properties":{"OBJECTID":219,"Municipality":"Round Rock","ST":"TX","F2024_estimate":135359,"F2020_census":119468,"F2020_land_area_mi2":37.600000000000001,"F2020_density_mi2":3177,"Type":"City","lat":30.530000000000001,"long":-97.659999999999997}},{"type":"Feature","id":220,"geometry":{"type":"Point","coordinates":[-83.029999999999973,42.580000000000041]},"properties":{"OBJECTID":220,"Municipality":"Sterling Heights","ST":"MI","F2024_estimate":134342,"F2020_census":134346,"F2020_land_area_mi2":36.399999999999999,"F2020_density_mi2":3691,"Type":"City","lat":42.579999999999998,"long":-83.030000000000001}},{"type":"Feature","id":221,"geometry":{"type":"Point","coordinates":[-121.96999999999997,37.36000000000007]},"properties":{"OBJECTID":221,"Municipality":"Santa Clara","ST":"CA","F2024_estimate":133132,"F2020_census":127647,"F2020_land_area_mi2":18.300000000000001,"F2020_density_mi2":6975,"Type":"City","lat":37.359999999999999,"long":-121.97}},{"type":"Feature","id":222,"geometry":{"type":"Point","coordinates":[-97.349999999999966,35.240000000000066]},"properties":{"OBJECTID":222,"Municipality":"Norman","ST":"OK","F2024_estimate":131010,"F2020_census":128026,"F2020_land_area_mi2":178.80000000000001,"F2020_density_mi2":716,"Type":"City","lat":35.240000000000002,"long":-97.349999999999994}},{"type":"Feature","id":223,"geometry":{"type":"Point","coordinates":[-92.329999999999984,38.950000000000045]},"properties":{"OBJECTID":223,"Municipality":"Columbia","ST":"MO","F2024_estimate":130900,"F2020_census":126254,"F2020_land_area_mi2":66.5,"F2020_density_mi2":1899,"Type":"City","lat":38.950000000000003,"long":-92.329999999999998}},{"type":"Feature","id":224,"geometry":{"type":"Point","coordinates":[-99.739999999999952,32.450000000000045]},"properties":{"OBJECTID":224,"Municipality":"Abilene","ST":"TX","F2024_estimate":130501,"F2020_census":125182,"F2020_land_area_mi2":106.7,"F2020_density_mi2":1173,"Type":"City","lat":32.450000000000003,"long":-99.739999999999995}},{"type":"Feature","id":225,"geometry":{"type":"Point","coordinates":[-95.319999999999936,29.560000000000059]},"properties":{"OBJECTID":225,"Municipality":"Pearland","ST":"TX","F2024_estimate":129620,"F2020_census":125828,"F2020_land_area_mi2":48.700000000000003,"F2020_density_mi2":2584,"Type":"City","lat":29.559999999999999,"long":-95.319999999999993}},{"type":"Feature","id":226,"geometry":{"type":"Point","coordinates":[-83.369999999999948,33.950000000000045]},"properties":{"OBJECTID":226,"Municipality":"Athens","ST":"GA","F2024_estimate":128691,"F2020_census":127315,"F2020_land_area_mi2":116.3,"F2020_density_mi2":1095,"Type":"City","lat":33.950000000000003,"long":-83.370000000000005}},{"type":"Feature","id":227,"geometry":{"type":"Point","coordinates":[-96.299999999999955,30.590000000000032]},"properties":{"OBJECTID":227,"Municipality":"College Station","ST":"TX","F2024_estimate":128023,"F2020_census":120511,"F2020_land_area_mi2":51.200000000000003,"F2020_density_mi2":2354,"Type":"City","lat":30.59,"long":-96.299999999999997}},{"type":"Feature","id":228,"geometry":{"type":"Point","coordinates":[-119.67999999999995,36.830000000000041]},"properties":{"OBJECTID":228,"Municipality":"Clovis","ST":"CA","F2024_estimate":127993,"F2020_census":120124,"F2020_land_area_mi2":25.399999999999999,"F2020_density_mi2":4729,"Type":"City","lat":36.829999999999998,"long":-119.68000000000001}},{"type":"Feature","id":229,"geometry":{"type":"Point","coordinates":[-80.129999999999939,26.750000000000057]},"properties":{"OBJECTID":229,"Municipality":"West Palm Beach","ST":"FL","F2024_estimate":127744,"F2020_census":117415,"F2020_land_area_mi2":53.799999999999997,"F2020_density_mi2":2182,"Type":"City","lat":26.75,"long":-80.129999999999995}},{"type":"Feature","id":230,"geometry":{"type":"Point","coordinates":[-75.479999999999961,40.590000000000032]},"properties":{"OBJECTID":230,"Municipality":"Allentown","ST":"PA","F2024_estimate":127138,"F2020_census":125845,"F2020_land_area_mi2":17.600000000000001,"F2020_density_mi2":7150,"Type":"City","lat":40.590000000000003,"long":-75.480000000000004}},{"type":"Feature","id":231,"geometry":{"type":"Point","coordinates":[-80.069999999999936,32.920000000000073]},"properties":{"OBJECTID":231,"Municipality":"North Charleston","ST":"SC","F2024_estimate":126005,"F2020_census":114852,"F2020_land_area_mi2":77.599999999999994,"F2020_density_mi2":1480,"Type":"City","lat":32.920000000000002,"long":-80.069999999999993}},{"type":"Feature","id":232,"geometry":{"type":"Point","coordinates":[-118.74999999999994,34.270000000000039]},"properties":{"OBJECTID":232,"Municipality":"Simi Valley","ST":"CA","F2024_estimate":125778,"F2020_census":126356,"F2020_land_area_mi2":41.5,"F2020_density_mi2":3045,"Type":"City","lat":34.270000000000003,"long":-118.75}},{"type":"Feature","id":233,"geometry":{"type":"Point","coordinates":[-95.689999999999941,39.03000000000003]},"properties":{"OBJECTID":233,"Municipality":"Topeka","ST":"KS","F2024_estimate":125467,"F2020_census":126587,"F2020_land_area_mi2":61.399999999999999,"F2020_density_mi2":2062,"Type":"State capital","lat":39.030000000000001,"long":-95.689999999999998}},{"type":"Feature","id":234,"geometry":{"type":"Point","coordinates":[-77.889999999999986,34.210000000000036]},"properties":{"OBJECTID":234,"Municipality":"Wilmington","ST":"NC","F2024_estimate":125284,"F2020_census":115451,"F2020_land_area_mi2":51.399999999999999,"F2020_density_mi2":2246,"Type":"City","lat":34.210000000000001,"long":-77.890000000000001}},{"type":"Feature","id":235,"geometry":{"type":"Point","coordinates":[-81.949999999999989,28.060000000000059]},"properties":{"OBJECTID":235,"Municipality":"Lakeland","ST":"FL","F2024_estimate":124990,"F2020_census":112641,"F2020_land_area_mi2":66.200000000000003,"F2020_density_mi2":1702,"Type":"City","lat":28.059999999999999,"long":-81.950000000000003}},{"type":"Feature","id":236,"geometry":{"type":"Point","coordinates":[-118.86999999999995,34.190000000000055]},"properties":{"OBJECTID":236,"Municipality":"Thousand Oaks","ST":"CA","F2024_estimate":124229,"F2020_census":126966,"F2020_land_area_mi2":55.299999999999997,"F2020_density_mi2":2296,"Type":"City","lat":34.189999999999998,"long":-118.87}},{"type":"Feature","id":237,"geometry":{"type":"Point","coordinates":[-121.99999999999994,37.970000000000027]},"properties":{"OBJECTID":237,"Municipality":"Concord","ST":"CA","F2024_estimate":124016,"F2020_census":125410,"F2020_land_area_mi2":30.600000000000001,"F2020_density_mi2":4098,"Type":"City","lat":37.969999999999999,"long":-122}},{"type":"Feature","id":238,"geometry":{"type":"Point","coordinates":[-92.479999999999961,44.020000000000039]},"properties":{"OBJECTID":238,"Municipality":"Rochester","ST":"MN","F2024_estimate":123624,"F2020_census":121395,"F2020_land_area_mi2":55.5,"F2020_density_mi2":2187,"Type":"City","lat":44.020000000000003,"long":-92.480000000000004}},{"type":"Feature","id":239,"geometry":{"type":"Point","coordinates":[-122.25999999999999,38.11000000000007]},"properties":{"OBJECTID":239,"Municipality":"Vallejo","ST":"CA","F2024_estimate":123475,"F2020_census":126090,"F2020_land_area_mi2":30.399999999999999,"F2020_density_mi2":4148,"Type":"City","lat":38.109999999999999,"long":-122.26000000000001}},{"type":"Feature","id":240,"geometry":{"type":"Point","coordinates":[-83.729999999999961,42.28000000000003]},"properties":{"OBJECTID":240,"Municipality":"Ann Arbor","ST":"MI","F2024_estimate":122925,"F2020_census":123851,"F2020_land_area_mi2":28.199999999999999,"F2020_density_mi2":4392,"Type":"City","lat":42.280000000000001,"long":-83.730000000000004}},{"type":"Feature","id":241,"geometry":{"type":"Point","coordinates":[-95.779999999999973,36.040000000000077]},"properties":{"OBJECTID":241,"Municipality":"Broken Arrow","ST":"OK","F2024_estimate":122756,"F2020_census":113540,"F2020_land_area_mi2":63,"F2020_density_mi2":1802,"Type":"City","lat":36.039999999999999,"long":-95.780000000000001}},{"type":"Feature","id":242,"geometry":{"type":"Point","coordinates":[-122.02999999999997,38.260000000000048]},"properties":{"OBJECTID":242,"Municipality":"Fairfield","ST":"CA","F2024_estimate":122646,"F2020_census":119881,"F2020_land_area_mi2":41.600000000000001,"F2020_density_mi2":2882,"Type":"City","lat":38.259999999999998,"long":-122.03}},{"type":"Feature","id":243,"geometry":{"type":"Point","coordinates":[-92.029999999999973,30.210000000000036]},"properties":{"OBJECTID":243,"Municipality":"Lafayette","ST":"LA","F2024_estimate":122280,"F2020_census":121374,"F2020_land_area_mi2":55.799999999999997,"F2020_density_mi2":2175,"Type":"City","lat":30.210000000000001,"long":-92.030000000000001}},{"type":"Feature","id":244,"geometry":{"type":"Point","coordinates":[-72.67999999999995,41.770000000000039]},"properties":{"OBJECTID":244,"Municipality":"Hartford","ST":"CT","F2024_estimate":122129,"F2020_census":121054,"F2020_land_area_mi2":17.399999999999999,"F2020_density_mi2":6957,"Type":"State capital","lat":41.770000000000003,"long":-72.680000000000007}},{"type":"Feature","id":245,"geometry":{"type":"Point","coordinates":[-105.14999999999998,39.830000000000041]},"properties":{"OBJECTID":245,"Municipality":"Arvada","ST":"CO","F2024_estimate":121873,"F2020_census":124402,"F2020_land_area_mi2":38.899999999999999,"F2020_density_mi2":3198,"Type":"City","lat":39.829999999999998,"long":-105.15000000000001}},{"type":"Feature","id":246,"geometry":{"type":"Point","coordinates":[-122.29999999999995,37.870000000000061]},"properties":{"OBJECTID":246,"Municipality":"Berkeley","ST":"CA","F2024_estimate":121749,"F2020_census":124321,"F2020_land_area_mi2":10.4,"F2020_density_mi2":11954,"Type":"City","lat":37.869999999999997,"long":-122.3}},{"type":"Feature","id":247,"geometry":{"type":"Point","coordinates":[-94.349999999999966,39.090000000000032]},"properties":{"OBJECTID":247,"Municipality":"Independence","ST":"MO","F2024_estimate":121629,"F2020_census":123011,"F2020_land_area_mi2":78,"F2020_density_mi2":1577,"Type":"City","lat":39.090000000000003,"long":-94.349999999999994}},{"type":"Feature","id":248,"geometry":{"type":"Point","coordinates":[-108.54999999999995,45.790000000000077]},"properties":{"OBJECTID":248,"Municipality":"Billings","ST":"MT","F2024_estimate":121483,"F2020_census":117116,"F2020_land_area_mi2":44.799999999999997,"F2020_density_mi2":2614,"Type":"State's largest municipality","lat":45.789999999999999,"long":-108.55}},{"type":"Feature","id":249,"geometry":{"type":"Point","coordinates":[-71.119999999999948,42.380000000000052]},"properties":{"OBJECTID":249,"Municipality":"Cambridge","ST":"MA","F2024_estimate":121186,"F2020_census":118403,"F2020_land_area_mi2":6.4000000000000004,"F2020_density_mi2":18500,"Type":"City","lat":42.380000000000003,"long":-71.120000000000005}},{"type":"Feature","id":250,"geometry":{"type":"Point","coordinates":[-71.319999999999936,42.640000000000043]},"properties":{"OBJECTID":250,"Municipality":"Lowell","ST":"MA","F2024_estimate":120418,"F2020_census":115554,"F2020_land_area_mi2":13.6,"F2020_density_mi2":8497,"Type":"City","lat":42.640000000000001,"long":-71.319999999999993}},{"type":"Feature","id":251,"geometry":{"type":"Point","coordinates":[-102.34999999999997,31.880000000000052]},"properties":{"OBJECTID":251,"Municipality":"Odessa","ST":"TX","F2024_estimate":119748,"F2020_census":114428,"F2020_land_area_mi2":51.100000000000001,"F2020_density_mi2":2239,"Type":"City","lat":31.879999999999999,"long":-102.34999999999999}},{"type":"Feature","id":252,"geometry":{"type":"Point","coordinates":[-79.989999999999952,35.990000000000066]},"properties":{"OBJECTID":252,"Municipality":"High Point","ST":"NC","F2024_estimate":118601,"F2020_census":114059,"F2020_land_area_mi2":56.399999999999999,"F2020_density_mi2":2022,"Type":"City","lat":35.990000000000002,"long":-79.989999999999995}},{"type":"Feature","id":253,"geometry":{"type":"Point","coordinates":[-95.109999999999957,29.490000000000066]},"properties":{"OBJECTID":253,"Municipality":"League City","ST":"TX","F2024_estimate":118456,"F2020_census":114392,"F2020_land_area_mi2":51.299999999999997,"F2020_density_mi2":2230,"Type":"City","lat":29.489999999999998,"long":-95.109999999999999}},{"type":"Feature","id":254,"geometry":{"type":"Point","coordinates":[-121.79999999999995,37.980000000000075]},"properties":{"OBJECTID":254,"Municipality":"Antioch","ST":"CA","F2024_estimate":118453,"F2020_census":115291,"F2020_land_area_mi2":29.199999999999999,"F2020_density_mi2":3948,"Type":"City","lat":37.979999999999997,"long":-121.8}},{"type":"Feature","id":255,"geometry":{"type":"Point","coordinates":[-96.70999999999998,32.970000000000027]},"properties":{"OBJECTID":255,"Municipality":"Richardson","ST":"TX","F2024_estimate":118221,"F2020_census":119469,"F2020_land_area_mi2":28.600000000000001,"F2020_density_mi2":4177,"Type":"City","lat":32.969999999999999,"long":-96.709999999999994}},{"type":"Feature","id":256,"geometry":{"type":"Point","coordinates":[-112.36999999999995,33.250000000000057]},"properties":{"OBJECTID":256,"Municipality":"Goodyear","ST":"AZ","F2024_estimate":118186,"F2020_census":95294,"F2020_land_area_mi2":191.30000000000001,"F2020_density_mi2":498,"Type":"City","lat":33.25,"long":-112.37}},{"type":"Feature","id":257,"geometry":{"type":"Point","coordinates":[-80.129999999999939,26.240000000000066]},"properties":{"OBJECTID":257,"Municipality":"Pompano Beach","ST":"FL","F2024_estimate":118104,"F2020_census":112046,"F2020_land_area_mi2":24,"F2020_density_mi2":4669,"Type":"City","lat":26.239999999999998,"long":-80.129999999999995}},{"type":"Feature","id":258,"geometry":{"type":"Point","coordinates":[-116.55999999999995,43.580000000000041]},"properties":{"OBJECTID":258,"Municipality":"Nampa","ST":"ID","F2024_estimate":117350,"F2020_census":100200,"F2020_land_area_mi2":33.5,"F2020_density_mi2":2991,"Type":"State's second largest municipality","lat":43.579999999999998,"long":-116.56}},{"type":"Feature","id":259,"geometry":{"type":"Point","coordinates":[-117.17999999999995,33.690000000000055]},"properties":{"OBJECTID":259,"Municipality":"Menifee","ST":"CA","F2024_estimate":117041,"F2020_census":102527,"F2020_land_area_mi2":46.5,"F2020_density_mi2":2205,"Type":"City","lat":33.689999999999998,"long":-117.18000000000001}},{"type":"Feature","id":260,"geometry":{"type":"Point","coordinates":[-106.78999999999996,32.330000000000041]},"properties":{"OBJECTID":260,"Municipality":"Las Cruces","ST":"NM","F2024_estimate":116998,"F2020_census":111385,"F2020_land_area_mi2":76.900000000000006,"F2020_density_mi2":1448,"Type":"City","lat":32.329999999999998,"long":-106.79000000000001}},{"type":"Feature","id":261,"geometry":{"type":"Point","coordinates":[-82.769999999999982,27.980000000000075]},"properties":{"OBJECTID":261,"Municipality":"Clearwater","ST":"FL","F2024_estimate":116811,"F2020_census":117292,"F2020_land_area_mi2":26.100000000000001,"F2020_density_mi2":4494,"Type":"City","lat":27.98,"long":-82.769999999999996}},{"type":"Feature","id":262,"geometry":{"type":"Point","coordinates":[-111.99999999999994,40.60000000000008]},"properties":{"OBJECTID":262,"Municipality":"West Jordan","ST":"UT","F2024_estimate":116688,"F2020_census":116961,"F2020_land_area_mi2":32.299999999999997,"F2020_density_mi2":3621,"Type":"City","lat":40.600000000000001,"long":-112}},{"type":"Feature","id":263,"geometry":{"type":"Point","coordinates":[-98.119999999999948,29.700000000000045]},"properties":{"OBJECTID":263,"Municipality":"New Braunfels","ST":"TX","F2024_estimate":116477,"F2020_census":90403,"F2020_land_area_mi2":45.200000000000003,"F2020_density_mi2":2000,"Type":"City","lat":29.699999999999999,"long":-98.120000000000005}},{"type":"Feature","id":264,"geometry":{"type":"Point","coordinates":[-71.439999999999941,42.980000000000075]},"properties":{"OBJECTID":264,"Municipality":"Manchester","ST":"NH","F2024_estimate":116386,"F2020_census":115644,"F2020_land_area_mi2":33.100000000000001,"F2020_density_mi2":3494,"Type":"State's largest municipality","lat":42.979999999999997,"long":-71.439999999999998}},{"type":"Feature","id":265,"geometry":{"type":"Point","coordinates":[-80.239999999999952,25.950000000000045]},"properties":{"OBJECTID":265,"Municipality":"Miami Gardens","ST":"FL","F2024_estimate":116173,"F2020_census":111640,"F2020_land_area_mi2":18.199999999999999,"F2020_density_mi2":6134,"Type":"City","lat":25.949999999999999,"long":-80.239999999999995}},{"type":"Feature","id":266,"geometry":{"type":"Point","coordinates":[-73.039999999999964,41.560000000000059]},"properties":{"OBJECTID":266,"Municipality":"Waterbury","ST":"CT","F2024_estimate":115908,"F2020_census":114403,"F2020_land_area_mi2":28.5,"F2020_density_mi2":4014,"Type":"City","lat":41.560000000000002,"long":-73.040000000000006}},{"type":"Feature","id":267,"geometry":{"type":"Point","coordinates":[-111.64999999999998,40.250000000000057]},"properties":{"OBJECTID":267,"Municipality":"Provo","ST":"UT","F2024_estimate":115479,"F2020_census":115162,"F2020_land_area_mi2":41.700000000000003,"F2020_density_mi2":2762,"Type":"City","lat":40.25,"long":-111.65000000000001}},{"type":"Feature","id":268,"geometry":{"type":"Point","coordinates":[-87.529999999999973,37.990000000000066]},"properties":{"OBJECTID":268,"Municipality":"Evansville","ST":"IN","F2024_estimate":115395,"F2020_census":117298,"F2020_land_area_mi2":47.399999999999999,"F2020_density_mi2":2475,"Type":"City","lat":37.990000000000002,"long":-87.530000000000001}},{"type":"Feature","id":269,"geometry":{"type":"Point","coordinates":[-122.35999999999996,37.950000000000045]},"properties":{"OBJECTID":269,"Municipality":"Richmond","ST":"CA","F2024_estimate":115353,"F2020_census":116448,"F2020_land_area_mi2":30.100000000000001,"F2020_density_mi2":3869,"Type":"City","lat":37.950000000000003,"long":-122.36}},{"type":"Feature","id":270,"geometry":{"type":"Point","coordinates":[-105.05999999999995,39.880000000000052]},"properties":{"OBJECTID":270,"Municipality":"Westminster","ST":"CO","F2024_estimate":115302,"F2020_census":116317,"F2020_land_area_mi2":31.600000000000001,"F2020_density_mi2":3681,"Type":"City","lat":39.880000000000003,"long":-105.06}},{"type":"Feature","id":271,"geometry":{"type":"Point","coordinates":[-88.329999999999984,42.040000000000077]},"properties":{"OBJECTID":271,"Municipality":"Elgin","ST":"IL","F2024_estimate":114701,"F2020_census":114797,"F2020_land_area_mi2":38,"F2020_density_mi2":3021,"Type":"City","lat":42.039999999999999,"long":-88.329999999999998}},{"type":"Feature","id":272,"geometry":{"type":"Point","coordinates":[-95.489999999999952,30.32000000000005]},"properties":{"OBJECTID":272,"Municipality":"Conroe","ST":"TX","F2024_estimate":114581,"F2020_census":89956,"F2020_land_area_mi2":72,"F2020_density_mi2":1249,"Type":"City","lat":30.32,"long":-95.489999999999995}},{"type":"Feature","id":273,"geometry":{"type":"Point","coordinates":[-104.76999999999998,40.410000000000025]},"properties":{"OBJECTID":273,"Municipality":"Greeley","ST":"CO","F2024_estimate":114363,"F2020_census":108795,"F2020_land_area_mi2":48.899999999999999,"F2020_density_mi2":2225,"Type":"City","lat":40.409999999999997,"long":-104.77}},{"type":"Feature","id":274,"geometry":{"type":"Point","coordinates":[-84.559999999999945,42.710000000000036]},"properties":{"OBJECTID":274,"Municipality":"Lansing","ST":"MI","F2024_estimate":114336,"F2020_census":112644,"F2020_land_area_mi2":39.100000000000001,"F2020_density_mi2":2881,"Type":"State capital","lat":42.710000000000001,"long":-84.560000000000002}},{"type":"Feature","id":275,"geometry":{"type":"Point","coordinates":[-112.63999999999999,33.430000000000064]},"properties":{"OBJECTID":275,"Municipality":"Buckeye","ST":"AZ","F2024_estimate":114334,"F2020_census":91502,"F2020_land_area_mi2":393,"F2020_density_mi2":233,"Type":"City","lat":33.43,"long":-112.64}},{"type":"Feature","id":276,"geometry":{"type":"Point","coordinates":[-87.529999999999973,33.230000000000075]},"properties":{"OBJECTID":276,"Municipality":"Tuscaloosa","ST":"AL","F2024_estimate":114288,"F2020_census":99600,"F2020_land_area_mi2":61.899999999999999,"F2020_density_mi2":1609,"Type":"City","lat":33.229999999999997,"long":-87.530000000000001}},{"type":"Feature","id":277,"geometry":{"type":"Point","coordinates":[-96.669999999999959,33.11000000000007]},"properties":{"OBJECTID":277,"Municipality":"Allen","ST":"TX","F2024_estimate":113746,"F2020_census":104627,"F2020_land_area_mi2":26.399999999999999,"F2020_density_mi2":3963,"Type":"City","lat":33.109999999999999,"long":-96.670000000000002}},{"type":"Feature","id":278,"geometry":{"type":"Point","coordinates":[-117.27999999999997,33.130000000000052]},"properties":{"OBJECTID":278,"Municipality":"Carlsbad","ST":"CA","F2024_estimate":113575,"F2020_census":114746,"F2020_land_area_mi2":37.799999999999997,"F2020_density_mi2":3036,"Type":"City","lat":33.130000000000003,"long":-117.28}},{"type":"Feature","id":279,"geometry":{"type":"Point","coordinates":[-122.18999999999994,47.950000000000045]},"properties":{"OBJECTID":279,"Municipality":"Everett","ST":"WA","F2024_estimate":113011,"F2020_census":110629,"F2020_land_area_mi2":33.200000000000003,"F2020_density_mi2":3332,"Type":"City","lat":47.950000000000003,"long":-122.19}},{"type":"Feature","id":280,"geometry":{"type":"Point","coordinates":[-89.639999999999986,39.790000000000077]},"properties":{"OBJECTID":280,"Municipality":"Springfield","ST":"IL","F2024_estimate":112949,"F2020_census":114394,"F2020_land_area_mi2":61.100000000000001,"F2020_density_mi2":1872,"Type":"State capital","lat":39.789999999999999,"long":-89.640000000000001}},{"type":"Feature","id":281,"geometry":{"type":"Point","coordinates":[-94.149999999999977,30.080000000000041]},"properties":{"OBJECTID":281,"Municipality":"Beaumont","ST":"TX","F2024_estimate":112893,"F2020_census":115282,"F2020_land_area_mi2":82.5,"F2020_density_mi2":1397,"Type":"City","lat":30.079999999999998,"long":-94.150000000000006}},{"type":"Feature","id":282,"geometry":{"type":"Point","coordinates":[-117.18999999999994,33.57000000000005]},"properties":{"OBJECTID":282,"Municipality":"Murrieta","ST":"CA","F2024_estimate":112539,"F2020_census":110949,"F2020_land_area_mi2":33.600000000000001,"F2020_density_mi2":3302,"Type":"City","lat":33.57,"long":-117.19}},{"type":"Feature","id":283,"geometry":{"type":"Point","coordinates":[-106.69999999999999,35.290000000000077]},"properties":{"OBJECTID":283,"Municipality":"Rio Rancho","ST":"NM","F2024_estimate":112524,"F2020_census":104046,"F2020_land_area_mi2":103.40000000000001,"F2020_density_mi2":1006,"Type":"City","lat":35.289999999999999,"long":-106.7}},{"type":"Feature","id":284,"geometry":{"type":"Point","coordinates":[-117.12999999999994,33.490000000000066]},"properties":{"OBJECTID":284,"Municipality":"Temecula","ST":"CA","F2024_estimate":112431,"F2020_census":110003,"F2020_land_area_mi2":37.299999999999997,"F2020_density_mi2":2949,"Type":"City","lat":33.490000000000002,"long":-117.13}},{"type":"Feature","id":285,"geometry":{"type":"Point","coordinates":[-80.639999999999986,35.390000000000043]},"properties":{"OBJECTID":285,"Municipality":"Concord","ST":"NC","F2024_estimate":112395,"F2020_census":105240,"F2020_land_area_mi2":63.5,"F2020_density_mi2":1657,"Type":"City","lat":35.390000000000001,"long":-80.640000000000001}},{"type":"Feature","id":286,"geometry":{"type":"Point","coordinates":[-95.309999999999945,32.32000000000005]},"properties":{"OBJECTID":286,"Municipality":"Tyler","ST":"TX","F2024_estimate":112219,"F2020_census":105995,"F2020_land_area_mi2":57.5,"F2020_density_mi2":1843,"Type":"City","lat":32.32,"long":-95.310000000000002}},{"type":"Feature","id":287,"geometry":{"type":"Point","coordinates":[-80.279999999999973,26.080000000000041]},"properties":{"OBJECTID":287,"Municipality":"Davie","ST":"FL","F2024_estimate":112052,"F2020_census":105691,"F2020_land_area_mi2":34.899999999999999,"F2020_density_mi2":3028,"Type":"City","lat":26.079999999999998,"long":-80.280000000000001}},{"type":"Feature","id":288,"geometry":{"type":"Point","coordinates":[-84.569999999999936,33.660000000000025]},"properties":{"OBJECTID":288,"Municipality":"South Fulton","ST":"GA","F2024_estimate":112003,"F2020_census":107436,"F2020_land_area_mi2":85.200000000000003,"F2020_density_mi2":1261,"Type":"City","lat":33.659999999999997,"long":-84.569999999999993}},{"type":"Feature","id":289,"geometry":{"type":"Point","coordinates":[-89.619999999999948,40.750000000000057]},"properties":{"OBJECTID":289,"Municipality":"Peoria","ST":"IL","F2024_estimate":111696,"F2020_census":113150,"F2020_land_area_mi2":48,"F2020_density_mi2":2357,"Type":"City","lat":40.75,"long":-89.620000000000005}},{"type":"Feature","id":290,"geometry":{"type":"Point","coordinates":[-119.71999999999997,39.57000000000005]},"properties":{"OBJECTID":290,"Municipality":"Sparks","ST":"NV","F2024_estimate":111520,"F2020_census":108445,"F2020_land_area_mi2":36.399999999999999,"F2020_density_mi2":2979,"Type":"City","lat":39.57,"long":-119.72}},{"type":"Feature","id":291,"geometry":{"type":"Point","coordinates":[-122.43999999999994,45.500000000000057]},"properties":{"OBJECTID":291,"Municipality":"Gresham","ST":"OR","F2024_estimate":111507,"F2020_census":114247,"F2020_land_area_mi2":23.5,"F2020_density_mi2":4862,"Type":"City","lat":45.5,"long":-122.44}},{"type":"Feature","id":292,"geometry":{"type":"Point","coordinates":[-120.43999999999994,34.930000000000064]},"properties":{"OBJECTID":292,"Municipality":"Santa Maria","ST":"CA","F2024_estimate":111346,"F2020_census":109707,"F2020_land_area_mi2":22.800000000000001,"F2020_density_mi2":4812,"Type":"City","lat":34.93,"long":-120.44}},{"type":"Feature","id":293,"geometry":{"type":"Point","coordinates":[-104.60999999999996,38.270000000000039]},"properties":{"OBJECTID":293,"Municipality":"Pueblo","ST":"CO","F2024_estimate":111166,"F2020_census":111876,"F2020_land_area_mi2":55.399999999999999,"F2020_density_mi2":2019,"Type":"City","lat":38.270000000000003,"long":-104.61}},{"type":"Feature","id":294,"geometry":{"type":"Point","coordinates":[-122.93999999999994,45.53000000000003]},"properties":{"OBJECTID":294,"Municipality":"Hillsboro","ST":"OR","F2024_estimate":110337,"F2020_census":106447,"F2020_land_area_mi2":25.699999999999999,"F2020_density_mi2":4142,"Type":"City","lat":45.530000000000001,"long":-122.94}},{"type":"Feature","id":295,"geometry":{"type":"Point","coordinates":[-74.349999999999966,40.500000000000057]},"properties":{"OBJECTID":295,"Municipality":"Edison","ST":"NJ","F2024_estimate":110002,"F2020_census":107588,"F2020_land_area_mi2":30.100000000000001,"F2020_density_mi2":3574,"Type":"City","lat":40.5,"long":-74.349999999999994}},{"type":"Feature","id":296,"geometry":{"type":"Point","coordinates":[-95.629999999999939,29.590000000000032]},"properties":{"OBJECTID":296,"Municipality":"Sugar Land","ST":"TX","F2024_estimate":109851,"F2020_census":111026,"F2020_land_area_mi2":40.5,"F2020_density_mi2":2741,"Type":"City","lat":29.59,"long":-95.629999999999995}},{"type":"Feature","id":297,"geometry":{"type":"Point","coordinates":[-119.24999999999994,34.270000000000039]},"properties":{"OBJECTID":297,"Municipality":"Ventura","ST":"CA","F2024_estimate":109831,"F2020_census":110763,"F2020_land_area_mi2":21.899999999999999,"F2020_density_mi2":5058,"Type":"City","lat":34.270000000000003,"long":-119.25}},{"type":"Feature","id":298,"geometry":{"type":"Point","coordinates":[-118.12999999999994,33.940000000000055]},"properties":{"OBJECTID":298,"Municipality":"Downey","ST":"CA","F2024_estimate":109368,"F2020_census":114355,"F2020_land_area_mi2":12.4,"F2020_density_mi2":9222,"Type":"City","lat":33.939999999999998,"long":-118.13}},{"type":"Feature","id":299,"geometry":{"type":"Point","coordinates":[-117.90999999999997,33.670000000000073]},"properties":{"OBJECTID":299,"Municipality":"Costa Mesa","ST":"CA","F2024_estimate":109131,"F2020_census":111918,"F2020_land_area_mi2":15.800000000000001,"F2020_density_mi2":7083,"Type":"City","lat":33.670000000000002,"long":-117.91}},{"type":"Feature","id":300,"geometry":{"type":"Point","coordinates":[-104.86999999999995,39.590000000000032]},"properties":{"OBJECTID":300,"Municipality":"Centennial","ST":"CO","F2024_estimate":108853,"F2020_census":108418,"F2020_land_area_mi2":29.699999999999999,"F2020_density_mi2":3650,"Type":"City","lat":39.590000000000003,"long":-104.87}},{"type":"Feature","id":301,"geometry":{"type":"Point","coordinates":[-98.159999999999968,26.32000000000005]},"properties":{"OBJECTID":301,"Municipality":"Edinburg","ST":"TX","F2024_estimate":108733,"F2020_census":100243,"F2020_land_area_mi2":44.700000000000003,"F2020_density_mi2":2243,"Type":"City","lat":26.32,"long":-98.159999999999997}},{"type":"Feature","id":302,"geometry":{"type":"Point","coordinates":[-117.22999999999996,47.660000000000025]},"properties":{"OBJECTID":302,"Municipality":"Spokane Valley","ST":"WA","F2024_estimate":108267,"F2020_census":102976,"F2020_land_area_mi2":37.700000000000003,"F2020_density_mi2":2731,"Type":"City","lat":47.659999999999997,"long":-117.23}},{"type":"Feature","id":303,"geometry":{"type":"Point","coordinates":[-117.46999999999997,34.000000000000057]},"properties":{"OBJECTID":303,"Municipality":"Jurupa Valley","ST":"CA","F2024_estimate":108154,"F2020_census":105053,"F2020_land_area_mi2":42.899999999999999,"F2020_density_mi2":2449,"Type":"City","lat":34,"long":-117.47}},{"type":"Feature","id":304,"geometry":{"type":"Point","coordinates":[-121.30999999999995,44.060000000000059]},"properties":{"OBJECTID":304,"Municipality":"Bend","ST":"OR","F2024_estimate":106926,"F2020_census":99178,"F2020_land_area_mi2":33.600000000000001,"F2020_density_mi2":2952,"Type":"City","lat":44.060000000000002,"long":-121.31}},{"type":"Feature","id":305,"geometry":{"type":"Point","coordinates":[-117.90999999999997,34.060000000000059]},"properties":{"OBJECTID":305,"Municipality":"West Covina","ST":"CA","F2024_estimate":106920,"F2020_census":109501,"F2020_land_area_mi2":16,"F2020_density_mi2":6844,"Type":"City","lat":34.060000000000002,"long":-117.91}},{"type":"Feature","id":306,"geometry":{"type":"Point","coordinates":[-105.24999999999994,40.020000000000039]},"properties":{"OBJECTID":306,"Municipality":"Boulder","ST":"CO","F2024_estimate":106803,"F2020_census":108250,"F2020_land_area_mi2":26.300000000000001,"F2020_density_mi2":4116,"Type":"City","lat":40.020000000000003,"long":-105.25}},{"type":"Feature","id":307,"geometry":{"type":"Point","coordinates":[-81.239999999999952,29.540000000000077]},"properties":{"OBJECTID":307,"Municipality":"Palm Coast","ST":"FL","F2024_estimate":106729,"F2020_census":89258,"F2020_land_area_mi2":95.400000000000006,"F2020_density_mi2":936,"Type":"City","lat":29.539999999999999,"long":-81.239999999999995}},{"type":"Feature","id":308,"geometry":{"type":"Point","coordinates":[-94.379999999999939,38.920000000000073]},"properties":{"OBJECTID":308,"Municipality":"Lee's Summit","ST":"MO","F2024_estimate":106419,"F2020_census":101108,"F2020_land_area_mi2":63.899999999999999,"F2020_density_mi2":1582,"Type":"City","lat":38.920000000000002,"long":-94.379999999999995}},{"type":"Feature","id":309,"geometry":{"type":"Point","coordinates":[-83.20999999999998,42.310000000000059]},"properties":{"OBJECTID":309,"Municipality":"Dearborn","ST":"MI","F2024_estimate":106377,"F2020_census":109976,"F2020_land_area_mi2":24.199999999999999,"F2020_density_mi2":4544,"Type":"City","lat":42.310000000000002,"long":-83.209999999999994}},{"type":"Feature","id":310,"geometry":{"type":"Point","coordinates":[-87.989999999999952,44.520000000000039]},"properties":{"OBJECTID":310,"Municipality":"Green Bay","ST":"WI","F2024_estimate":106311,"F2020_census":107395,"F2020_land_area_mi2":45.5,"F2020_density_mi2":2360,"Type":"City","lat":44.520000000000003,"long":-87.989999999999995}},{"type":"Feature","id":311,"geometry":{"type":"Point","coordinates":[-113.55999999999995,37.080000000000041]},"properties":{"OBJECTID":311,"Municipality":"St. George","ST":"UT","F2024_estimate":106288,"F2020_census":95342,"F2020_land_area_mi2":78.5,"F2020_density_mi2":1215,"Type":"City","lat":37.079999999999998,"long":-113.56}},{"type":"Feature","id":312,"geometry":{"type":"Point","coordinates":[-74.289999999999964,40.560000000000059]},"properties":{"OBJECTID":312,"Municipality":"Woodbridge","ST":"NJ","F2024_estimate":106101,"F2020_census":103639,"F2020_land_area_mi2":23.300000000000001,"F2020_density_mi2":4448,"Type":"City","lat":40.560000000000002,"long":-74.290000000000006}},{"type":"Feature","id":313,"geometry":{"type":"Point","coordinates":[-71.019999999999982,42.080000000000041]},"properties":{"OBJECTID":313,"Municipality":"Brockton","ST":"MA","F2024_estimate":105788,"F2020_census":105643,"F2020_land_area_mi2":21.300000000000001,"F2020_density_mi2":4960,"Type":"City","lat":42.079999999999998,"long":-71.019999999999996}},{"type":"Feature","id":314,"geometry":{"type":"Point","coordinates":[-122.18999999999994,47.480000000000075]},"properties":{"OBJECTID":314,"Municipality":"Renton","ST":"WA","F2024_estimate":105543,"F2020_census":106785,"F2020_land_area_mi2":23.5,"F2020_density_mi2":4544,"Type":"City","lat":47.479999999999997,"long":-122.19}},{"type":"Feature","id":315,"geometry":{"type":"Point","coordinates":[-84.369999999999948,33.930000000000064]},"properties":{"OBJECTID":315,"Municipality":"Sandy Springs","ST":"GA","F2024_estimate":105505,"F2020_census":108080,"F2020_land_area_mi2":37.700000000000003,"F2020_density_mi2":2867,"Type":"City","lat":33.93,"long":-84.370000000000005}},{"type":"Feature","id":316,"geometry":{"type":"Point","coordinates":[-117.38999999999999,34.120000000000061]},"properties":{"OBJECTID":316,"Municipality":"Rialto","ST":"CA","F2024_estimate":104918,"F2020_census":104026,"F2020_land_area_mi2":24.100000000000001,"F2020_density_mi2":4316,"Type":"City","lat":34.119999999999997,"long":-117.39}},{"type":"Feature","id":317,"geometry":{"type":"Point","coordinates":[-118.02999999999997,34.07000000000005]},"properties":{"OBJECTID":317,"Municipality":"El Monte","ST":"CA","F2024_estimate":104639,"F2020_census":109450,"F2020_land_area_mi2":9.5999999999999996,"F2020_density_mi2":11401,"Type":"City","lat":34.07,"long":-118.03}},{"type":"Feature","id":318,"geometry":{"type":"Point","coordinates":[-121.96999999999997,38.36000000000007]},"properties":{"OBJECTID":318,"Municipality":"Vacaville","ST":"CA","F2024_estimate":103994,"F2020_census":102386,"F2020_land_area_mi2":29.899999999999999,"F2020_density_mi2":3424,"Type":"City","lat":38.359999999999999,"long":-121.97}},{"type":"Feature","id":319,"geometry":{"type":"Point","coordinates":[-85.96999999999997,39.960000000000036]},"properties":{"OBJECTID":319,"Municipality":"Fishers","ST":"IN","F2024_estimate":103986,"F2020_census":98977,"F2020_land_area_mi2":35.600000000000001,"F2020_density_mi2":2780,"Type":"City","lat":39.960000000000001,"long":-85.969999999999999}},{"type":"Feature","id":320,"geometry":{"type":"Point","coordinates":[-86.269999999999982,41.680000000000064]},"properties":{"OBJECTID":320,"Municipality":"South Bend","ST":"IN","F2024_estimate":103713,"F2020_census":103453,"F2020_land_area_mi2":42,"F2020_density_mi2":2463,"Type":"City","lat":41.68,"long":-86.269999999999996}},{"type":"Feature","id":321,"geometry":{"type":"Point","coordinates":[-86.149999999999977,39.970000000000027]},"properties":{"OBJECTID":321,"Municipality":"Carmel","ST":"IN","F2024_estimate":103606,"F2020_census":99757,"F2020_land_area_mi2":49.100000000000001,"F2020_density_mi2":2032,"Type":"City","lat":39.969999999999999,"long":-86.150000000000006}},{"type":"Feature","id":322,"geometry":{"type":"Point","coordinates":[-114.51999999999998,32.520000000000039]},"properties":{"OBJECTID":322,"Municipality":"Yuma","ST":"AZ","F2024_estimate":103559,"F2020_census":95548,"F2020_land_area_mi2":120.7,"F2020_density_mi2":792,"Type":"City","lat":32.520000000000003,"long":-114.52}},{"type":"Feature","id":323,"geometry":{"type":"Point","coordinates":[-118.32999999999998,34.190000000000055]},"properties":{"OBJECTID":323,"Municipality":"Burbank","ST":"CA","F2024_estimate":103533,"F2020_census":107337,"F2020_land_area_mi2":17.300000000000001,"F2020_density_mi2":6204,"Type":"City","lat":34.189999999999998,"long":-118.33}},{"type":"Feature","id":324,"geometry":{"type":"Point","coordinates":[-70.95999999999998,42.470000000000027]},"properties":{"OBJECTID":324,"Municipality":"Lynn","ST":"MA","F2024_estimate":103489,"F2020_census":101253,"F2020_land_area_mi2":10.699999999999999,"F2020_density_mi2":9463,"Type":"City","lat":42.469999999999999,"long":-70.959999999999994}},{"type":"Feature","id":325,"geometry":{"type":"Point","coordinates":[-71.009999999999934,42.260000000000048]},"properties":{"OBJECTID":325,"Municipality":"Quincy","ST":"MA","F2024_estimate":103434,"F2020_census":101636,"F2020_land_area_mi2":16.600000000000001,"F2020_density_mi2":6123,"Type":"City","lat":42.259999999999998,"long":-71.010000000000005}},{"type":"Feature","id":326,"geometry":{"type":"Point","coordinates":[-116.95999999999998,32.800000000000068]},"properties":{"OBJECTID":326,"Municipality":"El Cajon","ST":"CA","F2024_estimate":103291,"F2020_census":106215,"F2020_land_area_mi2":14.5,"F2020_density_mi2":7325,"Type":"City","lat":32.799999999999997,"long":-116.95999999999999}},{"type":"Feature","id":327,"geometry":{"type":"Point","coordinates":[-94.169999999999959,36.07000000000005]},"properties":{"OBJECTID":327,"Municipality":"Fayetteville","ST":"AR","F2024_estimate":103134,"F2020_census":93949,"F2020_land_area_mi2":54.100000000000001,"F2020_density_mi2":1737,"Type":"City","lat":36.07,"long":-94.170000000000002}},{"type":"Feature","id":328,"geometry":{"type":"Point","coordinates":[-76.629999999999939,36.700000000000045]},"properties":{"OBJECTID":328,"Municipality":"Suffolk","ST":"VA","F2024_estimate":103105,"F2020_census":94324,"F2020_land_area_mi2":399.19999999999999,"F2020_density_mi2":236,"Type":"City","lat":36.700000000000003,"long":-76.629999999999995}},{"type":"Feature","id":329,"geometry":{"type":"Point","coordinates":[-122.30999999999995,37.560000000000059]},"properties":{"OBJECTID":329,"Municipality":"San Mateo","ST":"CA","F2024_estimate":103006,"F2020_census":105661,"F2020_land_area_mi2":12.1,"F2020_density_mi2":8732,"Type":"City","lat":37.560000000000002,"long":-122.31}},{"type":"Feature","id":330,"geometry":{"type":"Point","coordinates":[-121.81999999999999,39.760000000000048]},"properties":{"OBJECTID":330,"Municipality":"Chico","ST":"CA","F2024_estimate":102911,"F2020_census":101475,"F2020_land_area_mi2":34.100000000000001,"F2020_density_mi2":2976,"Type":"City","lat":39.759999999999998,"long":-121.81999999999999}},{"type":"Feature","id":331,"geometry":{"type":"Point","coordinates":[-118.33999999999997,33.960000000000036]},"properties":{"OBJECTID":331,"Municipality":"Inglewood","ST":"CA","F2024_estimate":102774,"F2020_census":107762,"F2020_land_area_mi2":9.0999999999999996,"F2020_density_mi2":11842,"Type":"City","lat":33.960000000000001,"long":-118.34}},{"type":"Feature","id":332,"geometry":{"type":"Point","coordinates":[-98.529999999999973,33.910000000000025]},"properties":{"OBJECTID":332,"Municipality":"Wichita Falls","ST":"TX","F2024_estimate":102372,"F2020_census":102316,"F2020_land_area_mi2":72,"F2020_density_mi2":1421,"Type":"City","lat":33.909999999999997,"long":-98.530000000000001}},{"type":"Feature","id":333,"geometry":{"type":"Point","coordinates":[-80.099999999999966,26.370000000000061]},"properties":{"OBJECTID":333,"Municipality":"Boca Raton","ST":"FL","F2024_estimate":102238,"F2020_census":97422,"F2020_land_area_mi2":29.199999999999999,"F2020_density_mi2":3336,"Type":"City","lat":26.370000000000001,"long":-80.099999999999994}},{"type":"Feature","id":334,"geometry":{"type":"Point","coordinates":[-117.31999999999999,34.400000000000034]},"properties":{"OBJECTID":334,"Municipality":"Hesperia","ST":"CA","F2024_estimate":101836,"F2020_census":99818,"F2020_land_area_mi2":72.700000000000003,"F2020_density_mi2":1373,"Type":"City","lat":34.399999999999999,"long":-117.31999999999999}},{"type":"Feature","id":335,"geometry":{"type":"Point","coordinates":[-122.46999999999997,37.690000000000055]},"properties":{"OBJECTID":335,"Municipality":"Daly City","ST":"CA","F2024_estimate":101418,"F2020_census":104901,"F2020_land_area_mi2":7.5999999999999996,"F2020_density_mi2":13803,"Type":"City","lat":37.689999999999998,"long":-122.47}},{"type":"Feature","id":336,"geometry":{"type":"Point","coordinates":[-82.919999999999959,42.590000000000032]},"properties":{"OBJECTID":336,"Municipality":"Clinton","ST":"MI","F2024_estimate":101359,"F2020_census":100513,"F2020_land_area_mi2":28,"F2020_density_mi2":3590,"Type":"City","lat":42.590000000000003,"long":-82.920000000000002}},{"type":"Feature","id":337,"geometry":{"type":"Point","coordinates":[-97.699999999999989,30.670000000000073]},"properties":{"OBJECTID":337,"Municipality":"Georgetown","ST":"TX","F2024_estimate":101344,"F2020_census":67176,"F2020_land_area_mi2":57.299999999999997,"F2020_density_mi2":1172,"Type":"City","lat":30.670000000000002,"long":-97.700000000000003}},{"type":"Feature","id":338,"geometry":{"type":"Point","coordinates":[-70.939999999999941,41.660000000000025]},"properties":{"OBJECTID":338,"Municipality":"New Bedford","ST":"MA","F2024_estimate":101318,"F2020_census":101079,"F2020_land_area_mi2":20,"F2020_density_mi2":5054,"Type":"City","lat":41.659999999999997,"long":-70.939999999999998}},{"type":"Feature","id":339,"geometry":{"type":"Point","coordinates":[-73.799999999999955,42.670000000000073]},"properties":{"OBJECTID":339,"Municipality":"Albany","ST":"NY","F2024_estimate":101317,"F2020_census":99224,"F2020_land_area_mi2":21.399999999999999,"F2020_density_mi2":4637,"Type":"State capital","lat":42.670000000000002,"long":-73.799999999999997}},{"type":"Feature","id":340,"geometry":{"type":"Point","coordinates":[-90.599999999999966,41.560000000000059]},"properties":{"OBJECTID":340,"Municipality":"Davenport","ST":"IA","F2024_estimate":100938,"F2020_census":101724,"F2020_land_area_mi2":63.799999999999997,"F2020_density_mi2":1594,"Type":"City","lat":41.560000000000002,"long":-90.599999999999994}},{"type":"Feature","id":341,"geometry":{"type":"Point","coordinates":[-80.259999999999934,26.130000000000052]},"properties":{"OBJECTID":341,"Municipality":"Plantation","ST":"FL","F2024_estimate":100694,"F2020_census":91750,"F2020_land_area_mi2":21.800000000000001,"F2020_density_mi2":4209,"Type":"City","lat":26.129999999999999,"long":-80.260000000000005}},{"type":"Feature","id":342,"geometry":{"type":"Point","coordinates":[-81.20999999999998,28.910000000000025]},"properties":{"OBJECTID":342,"Municipality":"Deltona","ST":"FL","F2024_estimate":100513,"F2020_census":93692,"F2020_land_area_mi2":37.299999999999997,"F2020_density_mi2":2512,"Type":"City","lat":28.91,"long":-81.209999999999994}},{"type":"Feature","id":343,"geometry":{"type":"Point","coordinates":[-122.33999999999997,47.310000000000059]},"properties":{"OBJECTID":343,"Municipality":"Federal Way","ST":"WA","F2024_estimate":100252,"F2020_census":101030,"F2020_land_area_mi2":22.300000000000001,"F2020_density_mi2":4530,"Type":"City","lat":47.310000000000002,"long":-122.34}},{"type":"Feature","id":344,"geometry":{"type":"Point","coordinates":[-100.44999999999999,31.440000000000055]},"properties":{"OBJECTID":344,"Municipality":"San Angelo","ST":"TX","F2024_estimate":100159,"F2020_census":99893,"F2020_land_area_mi2":59.700000000000003,"F2020_density_mi2":1673,"Type":"City","lat":31.440000000000001,"long":-100.45}},{"type":"Feature","id":345,"geometry":{"type":"Point","coordinates":[-121.44999999999999,37.730000000000075]},"properties":{"OBJECTID":345,"Municipality":"Tracy","ST":"CA","F2024_estimate":100136,"F2020_census":93000,"F2020_land_area_mi2":25.899999999999999,"F2020_density_mi2":3591,"Type":"City","lat":37.729999999999997,"long":-121.45}},{"type":"Feature","id":346,"geometry":{"type":"Point","coordinates":[-80.259999999999934,26.170000000000073]},"properties":{"OBJECTID":346,"Municipality":"Sunrise","ST":"FL","F2024_estimate":100128,"F2020_census":97335,"F2020_land_area_mi2":16.199999999999999,"F2020_density_mi2":6008,"Type":"City","lat":26.170000000000002,"long":-80.260000000000005}}]}